utctimestamp,area,groupId,trackableId,usageMinutes,sets,repetitions
2024-09-23T00:00:00.000Z,Pirkkola,OG12,OG12_Pirkkola,1,1,0
2024-09-23T00:00:00.000Z,Pirkkola,OG26,OG26_Pirkkola,1,1,0
2024-09-23T00:00:00.000Z,Pirkkola,OG92,OG92_Pirkkola,2,2,4
2024-09-23T02:00:00.000Z,Pirkkola,OG10,OG10_Pirkkola_2,1,1,0
2024-09-23T02:00:00.000Z,Pirkkola,OG23,OG23_Pirkkola,4,5,57
2024-09-23T02:00:00.000Z,Pirkkola,OG24,OG24_Pirkkola,7,5,75
2024-09-23T02:00:00.000Z,Pirkkola,OG30,OG30_Pirkkola,8,8,51
2024-09-23T02:00:00.000Z,Pirkkola,OG41,OG41_Pirkkola,8,11,23
2024-09-23T03:00:00.000Z,Pirkkola,OG24,OG24_Pirkkola,13,11,187
2024-09-23T03:00:00.000Z,Pirkkola,OG30,OG30_Pirkkola,5,4,18
2024-09-23T03:00:00.000Z,Pirkkola,OG41,OG41_Pirkkola,2,3,12
2024-09-23T04:00:00.000Z,Pirkkola,OG12,OG12_Pirkkola,5,3,26
2024-09-23T04:00:00.000Z,Pirkkola,OG23,OG23_Pirkkola,3,3,13
2024-09-23T04:00:00.000Z,Pirkkola,OG26,OG26_Pirkkola,9,10,92
2024-09-23T04:00:00.000Z,Pirkkola,OG30,OG30_Pirkkola,11,9,27
2024-09-23T04:00:00.000Z,Pirkkola,OG92,OG92_Pirkkola,18,16,232
2024-09-23T05:00:00.000Z,Paloheinä,OG10,OG10_Paloheina_2,1,1,0
2024-09-23T05:00:00.000Z,Paloheinä,OG30,OG30_Paloheina_1,4,6,9
2024-09-23T05:00:00.000Z,Paloheinä,OG41,OG41_Paloheina_1,5,6,8
2024-09-23T05:00:00.000Z,Pirkkola,OG12,OG12_Pirkkola,3,2,4
2024-09-23T05:00:00.000Z,Pirkkola,OG24,OG24_Pirkkola,4,4,18
2024-09-23T05:00:00.000Z,Pirkkola,OG30,OG30_Pirkkola,1,1,5
2024-09-23T05:00:00.000Z,Pirkkola,OG72,OG72_Pirkkola,6,3,51
2024-09-23T05:00:00.000Z,Pirkkola,OG92,OG92_Pirkkola,9,9,67
2024-09-23T06:00:00.000Z,Paloheinä,OG23,OG23_Paloheina_1,4,3,17
2024-09-23T06:00:00.000Z,Paloheinä,OG30,OG30_Paloheina_1,4,5,4
2024-09-23T06:00:00.000Z,Paloheinä,OG41,OG41_Paloheina_1,7,6,8
2024-09-23T06:00:00.000Z,Paloheinä,OG41,OG41_Paloheina_2,8,6,47
2024-09-23T06:00:00.000Z,Pirkkola,OG12,OG12_Pirkkola,8,6,81
2024-09-23T06:00:00.000Z,Pirkkola,OG23,OG23_Pirkkola,5,4,59
2024-09-23T06:00:00.000Z,Pirkkola,OG24,OG24_Pirkkola,8,5,160
2024-09-23T06:00:00.000Z,Pirkkola,OG26,OG26_Pirkkola,4,3,48
2024-09-23T06:00:00.000Z,Pirkkola,OG30,OG30_Pirkkola,3,3,18
2024-09-23T06:00:00.000Z,Pirkkola,OG72,OG72_Pirkkola,3,3,24
2024-09-23T06:00:00.000Z,Pirkkola,OG92,OG92_Pirkkola,3,2,23
2024-09-23T06:00:00.000Z,Pirkkola,OGFA24,OGFA24_Pirkkola,1,1,5
2024-09-23T07:00:00.000Z,Paloheinä,OG10,OG10_Paloheina_2,4,3,11
2024-09-23T07:00:00.000Z,Paloheinä,OG23,OG23_Paloheina_1,12,10,118
2024-09-23T07:00:00.000Z,Paloheinä,OG30,OG30_Paloheina_1,13,14,52
2024-09-23T07:00:00.000Z,Paloheinä,OG30,OG30_Paloheina_2,8,9,32
2024-09-23T07:00:00.000Z,Paloheinä,OG41,OG41_Paloheina_1,12,13,68
2024-09-23T07:00:00.000Z,Paloheinä,OG41,OG41_Paloheina_2,10,7,43
2024-09-23T07:00:00.000Z,Pirkkola,OG10,OG10_Pirkkola_2,6,4,24
2024-09-23T07:00:00.000Z,Pirkkola,OG12,OG12_Pirkkola,8,6,49
2024-09-23T07:00:00.000Z,Pirkkola,OG23,OG23_Pirkkola,6,4,95
2024-09-23T07:00:00.000Z,Pirkkola,OG24,OG24_Pirkkola,11,8,133
2024-09-23T07:00:00.000Z,Pirkkola,OG26,OG26_Pirkkola,2,2,15
2024-09-23T07:00:00.000Z,Pirkkola,OG41,OG41_Pirkkola,12,10,30
2024-09-23T07:00:00.000Z,Pirkkola,OG72,OG72_Pirkkola,6,3,62
2024-09-23T07:00:00.000Z,Pirkkola,OG92,OG92_Pirkkola,6,4,86
2024-09-23T07:00:00.000Z,Pirkkola,OGFA24,OGFA24_Pirkkola,4,3,69
2024-09-23T07:00:00.000Z,Pirkkola,OGFA41,OGFA41_Pirkkola,4,4,5
2024-09-23T08:00:00.000Z,Paloheinä,OG10,OG10_Paloheina_2,9,8,42
2024-09-23T08:00:00.000Z,Paloheinä,OG23,OG23_Paloheina_1,17,18,277
2024-09-23T08:00:00.000Z,Paloheinä,OG30,OG30_Paloheina_1,15,13,58
2024-09-23T08:00:00.000Z,Paloheinä,OG30,OG30_Paloheina_2,13,14,77
2024-09-23T08:00:00.000Z,Paloheinä,OG41,OG41_Paloheina_1,13,10,47
2024-09-23T08:00:00.000Z,Paloheinä,OG41,OG41_Paloheina_2,9,9,35
2024-09-23T08:00:00.000Z,Pirkkola,OG23,OG23_Pirkkola,10,11,163
2024-09-23T08:00:00.000Z,Pirkkola,OG24,OG24_Pirkkola,5,4,105
2024-09-23T08:00:00.000Z,Pirkkola,OG26,OG26_Pirkkola,2,1,26
2024-09-23T08:00:00.000Z,Pirkkola,OG30,OG30_Pirkkola,23,19,147
2024-09-23T08:00:00.000Z,Pirkkola,OG41,OG41_Pirkkola,12,9,37
2024-09-23T08:00:00.000Z,Pirkkola,OG72,OG72_Pirkkola,8,5,52
2024-09-23T08:00:00.000Z,Pirkkola,OG92,OG92_Pirkkola,2,1,7
2024-09-23T09:00:00.000Z,Paloheinä,OG10,OG10_Paloheina_2,7,9,24
2024-09-23T09:00:00.000Z,Paloheinä,OG23,OG23_Paloheina_1,13,11,149
2024-09-23T09:00:00.000Z,Paloheinä,OG30,OG30_Paloheina_1,17,19,102
2024-09-23T09:00:00.000Z,Paloheinä,OG30,OG30_Paloheina_2,19,17,85
2024-09-23T09:00:00.000Z,Paloheinä,OG41,OG41_Paloheina_1,20,20,155
2024-09-23T09:00:00.000Z,Paloheinä,OG41,OG41_Paloheina_2,15,14,84
2024-09-23T09:00:00.000Z,Pirkkola,OG10,OG10_Pirkkola_2,18,16,115
2024-09-23T09:00:00.000Z,Pirkkola,OG12,OG12_Pirkkola,2,1,2
2024-09-23T09:00:00.000Z,Pirkkola,OG22,OG22_Pirkkola,9,6,78
2024-09-23T09:00:00.000Z,Pirkkola,OG23,OG23_Pirkkola,9,8,69
2024-09-23T09:00:00.000Z,Pirkkola,OG24,OG24_Pirkkola,8,7,140
2024-09-23T09:00:00.000Z,Pirkkola,OG26,OG26_Pirkkola,6,7,16
2024-09-23T09:00:00.000Z,Pirkkola,OG30,OG30_Pirkkola,11,12,56
2024-09-23T09:00:00.000Z,Pirkkola,OG41,OG41_Pirkkola,34,34,203
2024-09-23T09:00:00.000Z,Pirkkola,OG72,OG72_Pirkkola,15,12,93
2024-09-23T09:00:00.000Z,Pirkkola,OG92,OG92_Pirkkola,12,11,148
2024-09-23T09:00:00.000Z,Pirkkola,OGFA41,OGFA41_Pirkkola,1,1,0
2024-09-23T10:00:00.000Z,Paloheinä,OG30,OG30_Paloheina_1,11,11,24
2024-09-23T10:00:00.000Z,Paloheinä,OG30,OG30_Paloheina_2,10,9,18
2024-09-23T10:00:00.000Z,Paloheinä,OG41,OG41_Paloheina_1,1,1,0
2024-09-23T10:00:00.000Z,Paloheinä,OG41,OG41_Paloheina_2,7,6,27
2024-09-23T10:00:00.000Z,Pirkkola,OG12,OG12_Pirkkola,10,8,68
2024-09-23T10:00:00.000Z,Pirkkola,OG22,OG22_Pirkkola,10,7,126
2024-09-23T10:00:00.000Z,Pirkkola,OG23,OG23_Pirkkola,6,5,119
2024-09-23T10:00:00.000Z,Pirkkola,OG24,OG24_Pirkkola,26,26,347
2024-09-23T10:00:00.000Z,Pirkkola,OG26,OG26_Pirkkola,5,3,80
2024-09-23T10:00:00.000Z,Pirkkola,OG30,OG30_Pirkkola,14,14,64
2024-09-23T10:00:00.000Z,Pirkkola,OG41,OG41_Pirkkola,10,9,29
2024-09-23T10:00:00.000Z,Pirkkola,OG72,OG72_Pirkkola,10,8,92
2024-09-23T10:00:00.000Z,Pirkkola,OG92,OG92_Pirkkola,22,18,281
2024-09-23T10:00:00.000Z,Pirkkola,OGFA41,OGFA41_Pirkkola,2,1,0
2024-09-23T11:00:00.000Z,Paloheinä,OG10,OG10_Paloheina_2,5,4,74
2024-09-23T11:00:00.000Z,Paloheinä,OG23,OG23_Paloheina_1,12,9,109
2024-09-23T11:00:00.000Z,Paloheinä,OG30,OG30_Paloheina_1,8,7,30
2024-09-23T11:00:00.000Z,Paloheinä,OG30,OG30_Paloheina_2,5,5,20
2024-09-23T11:00:00.000Z,Paloheinä,OG41,OG41_Paloheina_1,10,5,40
2024-09-23T11:00:00.000Z,Paloheinä,OG41,OG41_Paloheina_2,9,9,35
2024-09-23T11:00:00.000Z,Pirkkola,OG22,OG22_Pirkkola,3,2,82
2024-09-23T11:00:00.000Z,Pirkkola,OG23,OG23_Pirkkola,27,20,556
2024-09-23T11:00:00.000Z,Pirkkola,OG24,OG24_Pirkkola,10,7,129
2024-09-23T11:00:00.000Z,Pirkkola,OG30,OG30_Pirkkola,5,6,18
2024-09-23T11:00:00.000Z,Pirkkola,OG41,OG41_Pirkkola,13,12,52
2024-09-23T11:00:00.000Z,Pirkkola,OG72,OG72_Pirkkola,3,2,38
2024-09-23T11:00:00.000Z,Pirkkola,OG92,OG92_Pirkkola,2,2,11
2024-09-23T11:00:00.000Z,Pirkkola,OGFA41,OGFA41_Pirkkola,4,4,3
2024-09-23T12:00:00.000Z,Paloheinä,OG10,OG10_Paloheina_2,8,7,27
2024-09-23T12:00:00.000Z,Paloheinä,OG23,OG23_Paloheina_1,7,6,80
2024-09-23T12:00:00.000Z,Paloheinä,OG30,OG30_Paloheina_1,8,9,31
2024-09-23T12:00:00.000Z,Paloheinä,OG30,OG30_Paloheina_2,8,8,31
2024-09-23T12:00:00.000Z,Paloheinä,OG41,OG41_Paloheina_1,5,5,19
2024-09-23T12:00:00.000Z,Pirkkola,OG10,OG10_Pirkkola_2,2,2,1
2024-09-23T12:00:00.000Z,Pirkkola,OG12,OG12_Pirkkola,1,1,0
2024-09-23T12:00:00.000Z,Pirkkola,OG23,OG23_Pirkkola,9,9,99
2024-09-23T12:00:00.000Z,Pirkkola,OG24,OG24_Pirkkola,12,10,171
2024-09-23T12:00:00.000Z,Pirkkola,OG30,OG30_Pirkkola,25,26,143
2024-09-23T12:00:00.000Z,Pirkkola,OG41,OG41_Pirkkola,12,12,39
2024-09-23T12:00:00.000Z,Pirkkola,OG72,OG72_Pirkkola,7,6,65
2024-09-23T12:00:00.000Z,Pirkkola,OG92,OG92_Pirkkola,2,4,18
2024-09-23T13:00:00.000Z,Paloheinä,OG10,OG10_Paloheina_2,1,2,2
2024-09-23T13:00:00.000Z,Paloheinä,OG23,OG23_Paloheina_1,10,7,163
2024-09-23T13:00:00.000Z,Paloheinä,OG30,OG30_Paloheina_1,21,17,99
2024-09-23T13:00:00.000Z,Paloheinä,OG41,OG41_Paloheina_1,8,10,41
2024-09-23T13:00:00.000Z,Paloheinä,OG41,OG41_Paloheina_2,7,6,43
2024-09-23T13:00:00.000Z,Pirkkola,OG12,OG12_Pirkkola,12,14,83
2024-09-23T13:00:00.000Z,Pirkkola,OG22,OG22_Pirkkola,4,5,15
2024-09-23T13:00:00.000Z,Pirkkola,OG23,OG23_Pirkkola,22,19,295
2024-09-23T13:00:00.000Z,Pirkkola,OG24,OG24_Pirkkola,42,30,557
2024-09-23T13:00:00.000Z,Pirkkola,OG26,OG26_Pirkkola,6,3,78
2024-09-23T13:00:00.000Z,Pirkkola,OG30,OG30_Pirkkola,24,25,121
2024-09-23T13:00:00.000Z,Pirkkola,OG41,OG41_Pirkkola,13,10,34
2024-09-23T13:00:00.000Z,Pirkkola,OG72,OG72_Pirkkola,32,25,193
2024-09-23T13:00:00.000Z,Pirkkola,OG92,OG92_Pirkkola,2,1,4
2024-09-23T14:00:00.000Z,Paloheinä,OG10,OG10_Paloheina_2,15,12,63
2024-09-23T14:00:00.000Z,Paloheinä,OG23,OG23_Paloheina_1,14,13,151
2024-09-23T14:00:00.000Z,Paloheinä,OG30,OG30_Paloheina_1,37,47,103
2024-09-23T14:00:00.000Z,Paloheinä,OG30,OG30_Paloheina_2,16,14,58
2024-09-23T14:00:00.000Z,Paloheinä,OG41,OG41_Paloheina_1,20,19,118
2024-09-23T14:00:00.000Z,Paloheinä,OG41,OG41_Paloheina_2,23,21,139
2024-09-23T14:00:00.000Z,Pirkkola,OG10,OG10_Pirkkola_2,31,37,147
2024-09-23T14:00:00.000Z,Pirkkola,OG12,OG12_Pirkkola,31,26,164
2024-09-23T14:00:00.000Z,Pirkkola,OG22,OG22_Pirkkola,7,4,200
2024-09-23T14:00:00.000Z,Pirkkola,OG23,OG23_Pirkkola,25,16,498
2024-09-23T14:00:00.000Z,Pirkkola,OG24,OG24_Pirkkola,40,29,512
2024-09-23T14:00:00.000Z,Pirkkola,OG26,OG26_Pirkkola,6,5,126
2024-09-23T14:00:00.000Z,Pirkkola,OG30,OG30_Pirkkola,22,19,98
2024-09-23T14:00:00.000Z,Pirkkola,OG41,OG41_Pirkkola,14,14,38
2024-09-23T14:00:00.000Z,Pirkkola,OG72,OG72_Pirkkola,32,21,389
2024-09-23T14:00:00.000Z,Pirkkola,OG92,OG92_Pirkkola,26,24,324
2024-09-23T14:00:00.000Z,Pirkkola,OGFA24,OGFA24_Pirkkola,3,2,21
2024-09-23T14:00:00.000Z,Pirkkola,OGFA41,OGFA41_Pirkkola,14,13,87
2024-09-23T15:00:00.000Z,Paloheinä,OG10,OG10_Paloheina_2,23,18,123
2024-09-23T15:00:00.000Z,Paloheinä,OG23,OG23_Paloheina_1,24,19,296
2024-09-23T15:00:00.000Z,Paloheinä,OG30,OG30_Paloheina_1,37,40,144
2024-09-23T15:00:00.000Z,Paloheinä,OG30,OG30_Paloheina_2,42,32,206
2024-09-23T15:00:00.000Z,Paloheinä,OG41,OG41_Paloheina_1,35,29,172
2024-09-23T15:00:00.000Z,Paloheinä,OG41,OG41_Paloheina_2,24,25,154
2024-09-23T15:00:00.000Z,Pirkkola,OG10,OG10_Pirkkola_2,28,25,144
2024-09-23T15:00:00.000Z,Pirkkola,OG12,OG12_Pirkkola,13,13,37
2024-09-23T15:00:00.000Z,Pirkkola,OG23,OG23_Pirkkola,22,16,446
2024-09-23T15:00:00.000Z,Pirkkola,OG24,OG24_Pirkkola,42,35,684
2024-09-23T15:00:00.000Z,Pirkkola,OG26,OG26_Pirkkola,4,2,67
2024-09-23T15:00:00.000Z,Pirkkola,OG30,OG30_Pirkkola,40,43,201
2024-09-23T15:00:00.000Z,Pirkkola,OG41,OG41_Pirkkola,30,27,138
2024-09-23T15:00:00.000Z,Pirkkola,OG72,OG72_Pirkkola,31,28,393
2024-09-23T15:00:00.000Z,Pirkkola,OG92,OG92_Pirkkola,46,38,641
2024-09-23T15:00:00.000Z,Pirkkola,OGFA24,OGFA24_Pirkkola,1,1,3
2024-09-23T16:00:00.000Z,Paloheinä,OG10,OG10_Paloheina_2,45,49,165
2024-09-23T16:00:00.000Z,Paloheinä,OG23,OG23_Paloheina_1,28,20,343
2024-09-23T16:00:00.000Z,Paloheinä,OG30,OG30_Paloheina_1,47,63,149
2024-09-23T16:00:00.000Z,Paloheinä,OG30,OG30_Paloheina_2,38,33,104
2024-09-23T16:00:00.000Z,Paloheinä,OG41,OG41_Paloheina_1,20,20,141
2024-09-23T16:00:00.000Z,Paloheinä,OG41,OG41_Paloheina_2,17,15,120
2024-09-23T16:00:00.000Z,Pirkkola,OG10,OG10_Pirkkola_2,14,11,69
2024-09-23T16:00:00.000Z,Pirkkola,OG12,OG12_Pirkkola,14,12,60
2024-09-23T16:00:00.000Z,Pirkkola,OG23,OG23_Pirkkola,27,20,403
2024-09-23T16:00:00.000Z,Pirkkola,OG24,OG24_Pirkkola,32,29,468
2024-09-23T16:00:00.000Z,Pirkkola,OG26,OG26_Pirkkola,21,14,411
2024-09-23T16:00:00.000Z,Pirkkola,OG30,OG30_Pirkkola,28,26,161
2024-09-23T16:00:00.000Z,Pirkkola,OG41,OG41_Pirkkola,25,23,120
2024-09-23T16:00:00.000Z,Pirkkola,OG72,OG72_Pirkkola,18,15,119
2024-09-23T16:00:00.000Z,Pirkkola,OG92,OG92_Pirkkola,34,26,512
2024-09-23T16:00:00.000Z,Pirkkola,OGFA24,OGFA24_Pirkkola,2,2,14
2024-09-23T17:00:00.000Z,Paloheinä,OG10,OG10_Paloheina_2,10,7,45
2024-09-23T17:00:00.000Z,Paloheinä,OG23,OG23_Paloheina_1,11,11,71
2024-09-23T17:00:00.000Z,Paloheinä,OG30,OG30_Paloheina_1,10,13,13
2024-09-23T17:00:00.000Z,Paloheinä,OG30,OG30_Paloheina_2,14,12,39
2024-09-23T17:00:00.000Z,Paloheinä,OG41,OG41_Paloheina_1,2,3,2
2024-09-23T17:00:00.000Z,Paloheinä,OG41,OG41_Paloheina_2,7,9,10
2024-09-23T17:00:00.000Z,Pirkkola,OG10,OG10_Pirkkola_2,8,6,21
2024-09-23T17:00:00.000Z,Pirkkola,OG12,OG12_Pirkkola,19,17,71
2024-09-23T17:00:00.000Z,Pirkkola,OG23,OG23_Pirkkola,28,23,448
2024-09-23T17:00:00.000Z,Pirkkola,OG24,OG24_Pirkkola,24,18,244
2024-09-23T17:00:00.000Z,Pirkkola,OG30,OG30_Pirkkola,24,20,136
2024-09-23T17:00:00.000Z,Pirkkola,OG41,OG41_Pirkkola,30,26,102
2024-09-23T17:00:00.000Z,Pirkkola,OG72,OG72_Pirkkola,17,10,145
2024-09-23T17:00:00.000Z,Pirkkola,OG92,OG92_Pirkkola,18,13,304
2024-09-23T18:00:00.000Z,Paloheinä,OG30,OG30_Paloheina_1,2,1,13
2024-09-23T18:00:00.000Z,Paloheinä,OG41,OG41_Paloheina_1,2,1,7
2024-09-23T18:00:00.000Z,Pirkkola,OG10,OG10_Pirkkola_2,3,2,19
2024-09-23T18:00:00.000Z,Pirkkola,OG12,OG12_Pirkkola,6,8,17
2024-09-23T18:00:00.000Z,Pirkkola,OG23,OG23_Pirkkola,10,10,119
2024-09-23T18:00:00.000Z,Pirkkola,OG24,OG24_Pirkkola,27,27,300
2024-09-23T18:00:00.000Z,Pirkkola,OG26,OG26_Pirkkola,3,1,45
2024-09-23T18:00:00.000Z,Pirkkola,OG30,OG30_Pirkkola,17,17,96
2024-09-23T18:00:00.000Z,Pirkkola,OG41,OG41_Pirkkola,7,10,13
2024-09-23T18:00:00.000Z,Pirkkola,OG92,OG92_Pirkkola,10,8,129
2024-09-23T19:00:00.000Z,Paloheinä,OG23,OG23_Paloheina_1,2,1,17
2024-09-23T19:00:00.000Z,Paloheinä,OG30,OG30_Paloheina_2,5,4,6
2024-09-23T19:00:00.000Z,Paloheinä,OG41,OG41_Paloheina_1,2,1,11
2024-09-23T19:00:00.000Z,Paloheinä,OG41,OG41_Paloheina_2,3,3,26
2024-09-23T19:00:00.000Z,Pirkkola,OG24,OG24_Pirkkola,3,3,61
2024-09-23T19:00:00.000Z,Pirkkola,OG30,OG30_Pirkkola,21,24,24
2024-09-23T19:00:00.000Z,Pirkkola,OG41,OG41_Pirkkola,13,15,8
2024-09-23T19:00:00.000Z,Pirkkola,OG72,OG72_Pirkkola,7,5,100
2024-09-23T19:00:00.000Z,Pirkkola,OG92,OG92_Pirkkola,9,5,141
2024-09-23T20:00:00.000Z,Pirkkola,OG24,OG24_Pirkkola,6,5,63
2024-09-23T20:00:00.000Z,Pirkkola,OG72,OG72_Pirkkola,1,1,8
2024-09-23T21:00:00.000Z,Paloheinä,OG23,OG23_Paloheina_1,1,1,0
2024-09-23T21:00:00.000Z,Pirkkola,OG10,OG10_Pirkkola_2,10,7,33
2024-09-23T21:00:00.000Z,Pirkkola,OG23,OG23_Pirkkola,1,2,14
2024-09-23T21:00:00.000Z,Pirkkola,OG30,OG30_Pirkkola,4,4,27
2024-09-23T21:00:00.000Z,Pirkkola,OG41,OG41_Pirkkola,1,1,0
2024-09-23T22:00:00.000Z,Paloheinä,OG23,OG23_Paloheina_1,1,1,0
2024-09-23T23:00:00.000Z,Pirkkola,OG23,OG23_Pirkkola,1,1,0
2024-09-24T01:00:00.000Z,Paloheinä,OG23,OG23_Paloheina_1,1,1,0
2024-09-24T01:00:00.000Z,Pirkkola,OG26,OG26_Pirkkola,1,1,0
2024-09-24T02:00:00.000Z,Paloheinä,OG23,OG23_Paloheina_1,1,1,0
2024-09-24T02:00:00.000Z,Pirkkola,OG10,OG10_Pirkkola_2,1,1,0
2024-09-24T02:00:00.000Z,Pirkkola,OG23,OG23_Pirkkola,4,5,59
2024-09-24T02:00:00.000Z,Pirkkola,OG30,OG30_Pirkkola,6,6,26
2024-09-24T02:00:00.000Z,Pirkkola,OG41,OG41_Pirkkola,7,10,22
2024-09-24T03:00:00.000Z,Paloheinä,OG30,OG30_Paloheina_2,1,1,0
2024-09-24T03:00:00.000Z,Pirkkola,OG24,OG24_Pirkkola,14,7,250
2024-09-24T03:00:00.000Z,Pirkkola,OG26,OG26_Pirkkola,1,1,0
2024-09-24T03:00:00.000Z,Pirkkola,OGFA24,OGFA24_Pirkkola,6,4,73
2024-09-24T04:00:00.000Z,Pirkkola,OG10,OG10_Pirkkola_2,9,9,16
2024-09-24T04:00:00.000Z,Pirkkola,OG12,OG12_Pirkkola,11,13,70
2024-09-24T04:00:00.000Z,Pirkkola,OG23,OG23_Pirkkola,14,12,177
2024-09-24T04:00:00.000Z,Pirkkola,OG24,OG24_Pirkkola,11,9,146
2024-09-24T04:00:00.000Z,Pirkkola,OG26,OG26_Pirkkola,14,8,334
2024-09-24T04:00:00.000Z,Pirkkola,OG30,OG30_Pirkkola,10,10,37
2024-09-24T04:00:00.000Z,Pirkkola,OG41,OG41_Pirkkola,13,13,33
2024-09-24T04:00:00.000Z,Pirkkola,OG92,OG92_Pirkkola,15,13,191
2024-09-24T04:00:00.000Z,Pirkkola,OGFA24,OGFA24_Pirkkola,2,1,46
2024-09-24T05:00:00.000Z,Paloheinä,OG10,OG10_Paloheina_2,4,4,7
2024-09-24T05:00:00.000Z,Paloheinä,OG23,OG23_Paloheina_1,3,3,2
2024-09-24T05:00:00.000Z,Paloheinä,OG30,OG30_Paloheina_1,15,13,117
2024-09-24T05:00:00.000Z,Paloheinä,OG30,OG30_Paloheina_2,3,4,10
2024-09-24T05:00:00.000Z,Paloheinä,OG41,OG41_Paloheina_1,10,8,100
2024-09-24T05:00:00.000Z,Paloheinä,OG41,OG41_Paloheina_2,3,2,24
2024-09-24T05:00:00.000Z,Pirkkola,OG10,OG10_Pirkkola_2,2,1,20
2024-09-24T05:00:00.000Z,Pirkkola,OG12,OG12_Pirkkola,6,5,8
2024-09-24T05:00:00.000Z,Pirkkola,OG23,OG23_Pirkkola,1,1,22
2024-09-24T05:00:00.000Z,Pirkkola,OG24,OG24_Pirkkola,5,3,72
2024-09-24T05:00:00.000Z,Pirkkola,OG30,OG30_Pirkkola,8,6,28
2024-09-24T05:00:00.000Z,Pirkkola,OG41,OG41_Pirkkola,6,6,17
2024-09-24T05:00:00.000Z,Pirkkola,OG72,OG72_Pirkkola,11,9,108
2024-09-24T05:00:00.000Z,Pirkkola,OGFA41,OGFA41_Pirkkola,1,1,0
2024-09-24T06:00:00.000Z,Paloheinä,OG30,OG30_Paloheina_1,1,1,0
2024-09-24T06:00:00.000Z,Paloheinä,OG41,OG41_Paloheina_2,3,3,18
2024-09-24T06:00:00.000Z,Pirkkola,OG10,OG10_Pirkkola_2,14,10,60
2024-09-24T06:00:00.000Z,Pirkkola,OG12,OG12_Pirkkola,15,15,54
2024-09-24T06:00:00.000Z,Pirkkola,OG23,OG23_Pirkkola,6,4,66
2024-09-24T06:00:00.000Z,Pirkkola,OG24,OG24_Pirkkola,17,12,226
2024-09-24T06:00:00.000Z,Pirkkola,OG30,OG30_Pirkkola,15,14,65
2024-09-24T06:00:00.000Z,Pirkkola,OG41,OG41_Pirkkola,21,23,42
2024-09-24T06:00:00.000Z,Pirkkola,OG72,OG72_Pirkkola,1,1,0
2024-09-24T06:00:00.000Z,Pirkkola,OG92,OG92_Pirkkola,1,1,14
2024-09-24T07:00:00.000Z,Paloheinä,OG23,OG23_Paloheina_1,16,13,155
2024-09-24T07:00:00.000Z,Paloheinä,OG30,OG30_Paloheina_1,15,14,28
2024-09-24T07:00:00.000Z,Paloheinä,OG30,OG30_Paloheina_2,17,17,46
2024-09-24T07:00:00.000Z,Paloheinä,OG41,OG41_Paloheina_1,12,11,33
2024-09-24T07:00:00.000Z,Paloheinä,OG41,OG41_Paloheina_2,4,4,11
2024-09-24T07:00:00.000Z,Pirkkola,OG12,OG12_Pirkkola,2,2,2
2024-09-24T07:00:00.000Z,Pirkkola,OG23,OG23_Pirkkola,20,17,228
2024-09-24T07:00:00.000Z,Pirkkola,OG24,OG24_Pirkkola,14,11,141
2024-09-24T07:00:00.000Z,Pirkkola,OG26,OG26_Pirkkola,2,2,26
2024-09-24T07:00:00.000Z,Pirkkola,OG30,OG30_Pirkkola,14,13,75
2024-09-24T07:00:00.000Z,Pirkkola,OG72,OG72_Pirkkola,20,19,181
2024-09-24T07:00:00.000Z,Pirkkola,OG92,OG92_Pirkkola,18,18,334
2024-09-24T07:00:00.000Z,Pirkkola,OGFA41,OGFA41_Pirkkola,2,1,6
2024-09-24T08:00:00.000Z,Paloheinä,OG10,OG10_Paloheina_2,2,3,14
2024-09-24T08:00:00.000Z,Paloheinä,OG23,OG23_Paloheina_1,9,9,68
2024-09-24T08:00:00.000Z,Paloheinä,OG30,OG30_Paloheina_1,33,35,48
2024-09-24T08:00:00.000Z,Paloheinä,OG30,OG30_Paloheina_2,11,9,53
2024-09-24T08:00:00.000Z,Paloheinä,OG41,OG41_Paloheina_1,14,10,42
2024-09-24T08:00:00.000Z,Paloheinä,OG41,OG41_Paloheina_2,8,8,31
2024-09-24T08:00:00.000Z,Pirkkola,OG10,OG10_Pirkkola_2,15,15,57
2024-09-24T08:00:00.000Z,Pirkkola,OG12,OG12_Pirkkola,31,28,184
2024-09-24T08:00:00.000Z,Pirkkola,OG22,OG22_Pirkkola,13,9,169
2024-09-24T08:00:00.000Z,Pirkkola,OG23,OG23_Pirkkola,18,17,217
2024-09-24T08:00:00.000Z,Pirkkola,OG24,OG24_Pirkkola,43,37,501
2024-09-24T08:00:00.000Z,Pirkkola,OG26,OG26_Pirkkola,13,9,275
2024-09-24T08:00:00.000Z,Pirkkola,OG30,OG30_Pirkkola,23,19,121
2024-09-24T08:00:00.000Z,Pirkkola,OG41,OG41_Pirkkola,25,22,171
2024-09-24T08:00:00.000Z,Pirkkola,OG72,OG72_Pirkkola,23,24,192
2024-09-24T08:00:00.000Z,Pirkkola,OG92,OG92_Pirkkola,35,29,533
2024-09-24T08:00:00.000Z,Pirkkola,OGFA24,OGFA24_Pirkkola,6,5,71
2024-09-24T08:00:00.000Z,Pirkkola,OGFA41,OGFA41_Pirkkola,3,2,8
2024-09-24T09:00:00.000Z,Paloheinä,OG10,OG10_Paloheina_2,2,2,30
2024-09-24T09:00:00.000Z,Paloheinä,OG23,OG23_Paloheina_1,7,6,43
2024-09-24T09:00:00.000Z,Paloheinä,OG30,OG30_Paloheina_1,6,6,10
2024-09-24T09:00:00.000Z,Paloheinä,OG30,OG30_Paloheina_2,2,1,7
2024-09-24T09:00:00.000Z,Paloheinä,OG41,OG41_Paloheina_1,5,5,13
2024-09-24T09:00:00.000Z,Paloheinä,OG41,OG41_Paloheina_2,2,1,7
2024-09-24T09:00:00.000Z,Pirkkola,OG10,OG10_Pirkkola_2,1,1,0
2024-09-24T09:00:00.000Z,Pirkkola,OG12,OG12_Pirkkola,19,19,60
2024-09-24T09:00:00.000Z,Pirkkola,OG22,OG22_Pirkkola,1,1,13
2024-09-24T09:00:00.000Z,Pirkkola,OG23,OG23_Pirkkola,15,11,316
2024-09-24T09:00:00.000Z,Pirkkola,OG24,OG24_Pirkkola,24,22,291
2024-09-24T09:00:00.000Z,Pirkkola,OG26,OG26_Pirkkola,10,9,217
2024-09-24T09:00:00.000Z,Pirkkola,OG30,OG30_Pirkkola,15,19,67
2024-09-24T09:00:00.000Z,Pirkkola,OG41,OG41_Pirkkola,15,13,65
2024-09-24T09:00:00.000Z,Pirkkola,OG72,OG72_Pirkkola,23,21,287
2024-09-24T09:00:00.000Z,Pirkkola,OG92,OG92_Pirkkola,15,13,194
2024-09-24T09:00:00.000Z,Pirkkola,OGFA41,OGFA41_Pirkkola,5,3,23
2024-09-24T10:00:00.000Z,Paloheinä,OG10,OG10_Paloheina_2,3,3,12
2024-09-24T10:00:00.000Z,Paloheinä,OG23,OG23_Paloheina_1,7,4,65
2024-09-24T10:00:00.000Z,Paloheinä,OG30,OG30_Paloheina_1,19,16,120
2024-09-24T10:00:00.000Z,Paloheinä,OG30,OG30_Paloheina_2,16,18,102
2024-09-24T10:00:00.000Z,Paloheinä,OG41,OG41_Paloheina_1,10,8,41
2024-09-24T10:00:00.000Z,Paloheinä,OG41,OG41_Paloheina_2,5,6,12
2024-09-24T10:00:00.000Z,Pirkkola,OG12,OG12_Pirkkola,9,6,138
2024-09-24T10:00:00.000Z,Pirkkola,OG22,OG22_Pirkkola,2,2,28
2024-09-24T10:00:00.000Z,Pirkkola,OG23,OG23_Pirkkola,9,6,110
2024-09-24T10:00:00.000Z,Pirkkola,OG24,OG24_Pirkkola,31,20,375
2024-09-24T10:00:00.000Z,Pirkkola,OG26,OG26_Pirkkola,8,7,103
2024-09-24T10:00:00.000Z,Pirkkola,OG30,OG30_Pirkkola,5,7,36
2024-09-24T10:00:00.000Z,Pirkkola,OG72,OG72_Pirkkola,16,13,216
2024-09-24T10:00:00.000Z,Pirkkola,OG92,OG92_Pirkkola,13,12,172
2024-09-24T10:00:00.000Z,Pirkkola,OGFA24,OGFA24_Pirkkola,2,2,2
2024-09-24T11:00:00.000Z,Paloheinä,OG10,OG10_Paloheina_2,6,6,5
2024-09-24T11:00:00.000Z,Paloheinä,OG23,OG23_Paloheina_1,19,15,151
2024-09-24T11:00:00.000Z,Paloheinä,OG30,OG30_Paloheina_1,28,24,169
2024-09-24T11:00:00.000Z,Paloheinä,OG30,OG30_Paloheina_2,15,13,87
2024-09-24T11:00:00.000Z,Paloheinä,OG41,OG41_Paloheina_1,26,29,134
2024-09-24T11:00:00.000Z,Paloheinä,OG41,OG41_Paloheina_2,19,19,108
2024-09-24T11:00:00.000Z,Pirkkola,OG10,OG10_Pirkkola_2,17,13,66
2024-09-24T11:00:00.000Z,Pirkkola,OG22,OG22_Pirkkola,5,4,72
2024-09-24T11:00:00.000Z,Pirkkola,OG23,OG23_Pirkkola,3,2,48
2024-09-24T11:00:00.000Z,Pirkkola,OG24,OG24_Pirkkola,20,14,228
2024-09-24T11:00:00.000Z,Pirkkola,OG26,OG26_Pirkkola,16,12,203
2024-09-24T11:00:00.000Z,Pirkkola,OG30,OG30_Pirkkola,10,11,51
2024-09-24T11:00:00.000Z,Pirkkola,OG41,OG41_Pirkkola,22,25,57
2024-09-24T11:00:00.000Z,Pirkkola,OG72,OG72_Pirkkola,10,9,107
2024-09-24T11:00:00.000Z,Pirkkola,OG92,OG92_Pirkkola,18,20,153
2024-09-24T12:00:00.000Z,Paloheinä,OG23,OG23_Paloheina_1,7,6,89
2024-09-24T12:00:00.000Z,Paloheinä,OG30,OG30_Paloheina_1,14,11,64
2024-09-24T12:00:00.000Z,Paloheinä,OG30,OG30_Paloheina_2,3,4,7
2024-09-24T12:00:00.000Z,Paloheinä,OG41,OG41_Paloheina_1,5,3,36
2024-09-24T12:00:00.000Z,Paloheinä,OG41,OG41_Paloheina_2,1,1,0
2024-09-24T12:00:00.000Z,Pirkkola,OG10,OG10_Pirkkola_2,7,8,25
2024-09-24T12:00:00.000Z,Pirkkola,OG12,OG12_Pirkkola,18,19,80
2024-09-24T12:00:00.000Z,Pirkkola,OG22,OG22_Pirkkola,10,11,48
2024-09-24T12:00:00.000Z,Pirkkola,OG23,OG23_Pirkkola,37,27,551
2024-09-24T12:00:00.000Z,Pirkkola,OG24,OG24_Pirkkola,24,15,400
2024-09-24T12:00:00.000Z,Pirkkola,OG26,OG26_Pirkkola,25,25,330
2024-09-24T12:00:00.000Z,Pirkkola,OG30,OG30_Pirkkola,19,24,128
2024-09-24T12:00:00.000Z,Pirkkola,OG41,OG41_Pirkkola,17,18,52
2024-09-24T12:00:00.000Z,Pirkkola,OG72,OG72_Pirkkola,7,8,115
2024-09-24T12:00:00.000Z,Pirkkola,OG92,OG92_Pirkkola,20,27,206
2024-09-24T12:00:00.000Z,Pirkkola,OGFA24,OGFA24_Pirkkola,1,1,0
2024-09-24T12:00:00.000Z,Pirkkola,OGFA41,OGFA41_Pirkkola,10,8,71
2024-09-24T13:00:00.000Z,Paloheinä,OG10,OG10_Paloheina_2,11,12,67
2024-09-24T13:00:00.000Z,Paloheinä,OG23,OG23_Paloheina_1,4,4,37
2024-09-24T13:00:00.000Z,Paloheinä,OG30,OG30_Paloheina_1,13,17,44
2024-09-24T13:00:00.000Z,Paloheinä,OG30,OG30_Paloheina_2,23,19,110
2024-09-24T13:00:00.000Z,Paloheinä,OG41,OG41_Paloheina_1,14,15,59
2024-09-24T13:00:00.000Z,Paloheinä,OG41,OG41_Paloheina_2,11,9,32
2024-09-24T13:00:00.000Z,Pirkkola,OG10,OG10_Pirkkola_2,19,18,77
2024-09-24T13:00:00.000Z,Pirkkola,OG12,OG12_Pirkkola,23,20,106
2024-09-24T13:00:00.000Z,Pirkkola,OG22,OG22_Pirkkola,3,3,6
2024-09-24T13:00:00.000Z,Pirkkola,OG23,OG23_Pirkkola,23,18,336
2024-09-24T13:00:00.000Z,Pirkkola,OG24,OG24_Pirkkola,25,16,219
2024-09-24T13:00:00.000Z,Pirkkola,OG26,OG26_Pirkkola,12,9,191
2024-09-24T13:00:00.000Z,Pirkkola,OG30,OG30_Pirkkola,13,9,64
2024-09-24T13:00:00.000Z,Pirkkola,OG72,OG72_Pirkkola,9,8,66
2024-09-24T13:00:00.000Z,Pirkkola,OG92,OG92_Pirkkola,26,19,412
2024-09-24T13:00:00.000Z,Pirkkola,OGFA24,OGFA24_Pirkkola,1,2,1
2024-09-24T13:00:00.000Z,Pirkkola,OGFA41,OGFA41_Pirkkola,6,8,9
2024-09-24T14:00:00.000Z,Paloheinä,OG23,OG23_Paloheina_1,21,17,176
2024-09-24T14:00:00.000Z,Paloheinä,OG30,OG30_Paloheina_1,32,32,156
2024-09-24T14:00:00.000Z,Paloheinä,OG30,OG30_Paloheina_2,23,22,123
2024-09-24T14:00:00.000Z,Paloheinä,OG41,OG41_Paloheina_1,18,15,127
2024-09-24T14:00:00.000Z,Paloheinä,OG41,OG41_Paloheina_2,13,11,59
2024-09-24T14:00:00.000Z,Pirkkola,OG10,OG10_Pirkkola_2,11,11,49
2024-09-24T14:00:00.000Z,Pirkkola,OG12,OG12_Pirkkola,16,13,67
2024-09-24T14:00:00.000Z,Pirkkola,OG22,OG22_Pirkkola,4,3,41
2024-09-24T14:00:00.000Z,Pirkkola,OG23,OG23_Pirkkola,34,25,312
2024-09-24T14:00:00.000Z,Pirkkola,OG24,OG24_Pirkkola,31,23,355
2024-09-24T14:00:00.000Z,Pirkkola,OG26,OG26_Pirkkola,10,8,155
2024-09-24T14:00:00.000Z,Pirkkola,OG30,OG30_Pirkkola,23,25,78
2024-09-24T14:00:00.000Z,Pirkkola,OG41,OG41_Pirkkola,17,20,95
2024-09-24T14:00:00.000Z,Pirkkola,OG72,OG72_Pirkkola,25,20,221
2024-09-24T14:00:00.000Z,Pirkkola,OG92,OG92_Pirkkola,24,18,243
2024-09-24T14:00:00.000Z,Pirkkola,OGFA24,OGFA24_Pirkkola,1,1,0
2024-09-24T14:00:00.000Z,Pirkkola,OGFA41,OGFA41_Pirkkola,1,1,0
2024-09-24T15:00:00.000Z,Paloheinä,OG10,OG10_Paloheina_2,15,24,39
2024-09-24T15:00:00.000Z,Paloheinä,OG23,OG23_Paloheina_1,20,17,234
2024-09-24T15:00:00.000Z,Paloheinä,OG30,OG30_Paloheina_1,19,24,71
2024-09-24T15:00:00.000Z,Paloheinä,OG30,OG30_Paloheina_2,32,29,161
2024-09-24T15:00:00.000Z,Paloheinä,OG41,OG41_Paloheina_1,30,25,135
2024-09-24T15:00:00.000Z,Paloheinä,OG41,OG41_Paloheina_2,21,15,92
2024-09-24T15:00:00.000Z,Pirkkola,OG10,OG10_Pirkkola_2,34,30,177
2024-09-24T15:00:00.000Z,Pirkkola,OG12,OG12_Pirkkola,47,45,287
2024-09-24T15:00:00.000Z,Pirkkola,OG23,OG23_Pirkkola,32,24,588
2024-09-24T15:00:00.000Z,Pirkkola,OG24,OG24_Pirkkola,51,35,624
2024-09-24T15:00:00.000Z,Pirkkola,OG26,OG26_Pirkkola,13,8,215
2024-09-24T15:00:00.000Z,Pirkkola,OG30,OG30_Pirkkola,39,36,235
2024-09-24T15:00:00.000Z,Pirkkola,OG41,OG41_Pirkkola,41,37,188
2024-09-24T15:00:00.000Z,Pirkkola,OG72,OG72_Pirkkola,36,29,294
2024-09-24T15:00:00.000Z,Pirkkola,OG92,OG92_Pirkkola,47,36,765
2024-09-24T15:00:00.000Z,Pirkkola,OGFA41,OGFA41_Pirkkola,4,3,37
2024-09-24T16:00:00.000Z,Paloheinä,OG10,OG10_Paloheina_2,15,13,50
2024-09-24T16:00:00.000Z,Paloheinä,OG23,OG23_Paloheina_1,19,13,280
2024-09-24T16:00:00.000Z,Paloheinä,OG30,OG30_Paloheina_1,26,28,117
2024-09-24T16:00:00.000Z,Paloheinä,OG30,OG30_Paloheina_2,29,33,79
2024-09-24T16:00:00.000Z,Paloheinä,OG41,OG41_Paloheina_1,29,28,151
2024-09-24T16:00:00.000Z,Paloheinä,OG41,OG41_Paloheina_2,26,25,106
2024-09-24T16:00:00.000Z,Pirkkola,OG10,OG10_Pirkkola_2,12,10,91
2024-09-24T16:00:00.000Z,Pirkkola,OG12,OG12_Pirkkola,16,17,45
2024-09-24T16:00:00.000Z,Pirkkola,OG23,OG23_Pirkkola,38,32,672
2024-09-24T16:00:00.000Z,Pirkkola,OG24,OG24_Pirkkola,49,33,839
2024-09-24T16:00:00.000Z,Pirkkola,OG26,OG26_Pirkkola,17,14,459
2024-09-24T16:00:00.000Z,Pirkkola,OG30,OG30_Pirkkola,46,43,318
2024-09-24T16:00:00.000Z,Pirkkola,OG41,OG41_Pirkkola,31,29,166
2024-09-24T16:00:00.000Z,Pirkkola,OG72,OG72_Pirkkola,32,22,310
2024-09-24T16:00:00.000Z,Pirkkola,OG92,OG92_Pirkkola,43,32,820
2024-09-24T16:00:00.000Z,Pirkkola,OGFA24,OGFA24_Pirkkola,7,4,74
2024-09-24T16:00:00.000Z,Pirkkola,OGFA41,OGFA41_Pirkkola,1,2,0
2024-09-24T17:00:00.000Z,Paloheinä,OG23,OG23_Paloheina_1,2,1,0
2024-09-24T17:00:00.000Z,Paloheinä,OG30,OG30_Paloheina_1,4,4,40
2024-09-24T17:00:00.000Z,Paloheinä,OG30,OG30_Paloheina_2,13,13,54
2024-09-24T17:00:00.000Z,Paloheinä,OG41,OG41_Paloheina_1,5,4,20
2024-09-24T17:00:00.000Z,Paloheinä,OG41,OG41_Paloheina_2,6,5,26
2024-09-24T17:00:00.000Z,Pirkkola,OG10,OG10_Pirkkola_2,26,30,124
2024-09-24T17:00:00.000Z,Pirkkola,OG12,OG12_Pirkkola,22,22,82
2024-09-24T17:00:00.000Z,Pirkkola,OG23,OG23_Pirkkola,16,10,290
2024-09-24T17:00:00.000Z,Pirkkola,OG24,OG24_Pirkkola,33,26,661
2024-09-24T17:00:00.000Z,Pirkkola,OG26,OG26_Pirkkola,8,5,169
2024-09-24T17:00:00.000Z,Pirkkola,OG30,OG30_Pirkkola,9,8,40
2024-09-24T17:00:00.000Z,Pirkkola,OG41,OG41_Pirkkola,8,7,23
2024-09-24T17:00:00.000Z,Pirkkola,OG72,OG72_Pirkkola,18,18,131
2024-09-24T17:00:00.000Z,Pirkkola,OG92,OG92_Pirkkola,18,17,264
2024-09-24T17:00:00.000Z,Pirkkola,OGFA41,OGFA41_Pirkkola,1,1,0
2024-09-24T18:00:00.000Z,Paloheinä,OG10,OG10_Paloheina_2,1,1,0
2024-09-24T18:00:00.000Z,Paloheinä,OG23,OG23_Paloheina_1,2,2,11
2024-09-24T18:00:00.000Z,Paloheinä,OG30,OG30_Paloheina_1,3,4,6
2024-09-24T18:00:00.000Z,Paloheinä,OG30,OG30_Paloheina_2,16,16,58
2024-09-24T18:00:00.000Z,Paloheinä,OG41,OG41_Paloheina_1,4,6,4
2024-09-24T18:00:00.000Z,Paloheinä,OG41,OG41_Paloheina_2,6,6,17
2024-09-24T18:00:00.000Z,Pirkkola,OG23,OG23_Pirkkola,1,1,0
2024-09-24T18:00:00.000Z,Pirkkola,OG24,OG24_Pirkkola,5,4,89
2024-09-24T18:00:00.000Z,Pirkkola,OG26,OG26_Pirkkola,6,6,75
2024-09-24T18:00:00.000Z,Pirkkola,OG72,OG72_Pirkkola,7,6,60
2024-09-24T18:00:00.000Z,Pirkkola,OG92,OG92_Pirkkola,6,6,49
2024-09-24T19:00:00.000Z,Paloheinä,OG10,OG10_Paloheina_2,7,6,37
2024-09-24T19:00:00.000Z,Paloheinä,OG23,OG23_Paloheina_1,4,3,31
2024-09-24T19:00:00.000Z,Paloheinä,OG41,OG41_Paloheina_2,6,4,50
2024-09-24T19:00:00.000Z,Pirkkola,OG12,OG12_Pirkkola,1,1,0
2024-09-24T19:00:00.000Z,Pirkkola,OG23,OG23_Pirkkola,1,1,0
2024-09-24T19:00:00.000Z,Pirkkola,OG72,OG72_Pirkkola,5,5,31
2024-09-24T20:00:00.000Z,Pirkkola,OG23,OG23_Pirkkola,3,2,38
2024-09-24T21:00:00.000Z,Pirkkola,OG30,OG30_Pirkkola,1,1,0
2024-09-24T21:00:00.000Z,Pirkkola,OGFA24,OGFA24_Pirkkola,1,1,0
2024-09-24T23:00:00.000Z,Paloheinä,OG41,OG41_Paloheina_2,1,1,0
2024-09-24T23:00:00.000Z,Pirkkola,OG12,OG12_Pirkkola,1,1,0
2024-09-25T00:00:00.000Z,Pirkkola,OG24,OG24_Pirkkola,7,7,87
2024-09-25T02:00:00.000Z,Paloheinä,OG23,OG23_Paloheina_1,1,1,0
2024-09-25T02:00:00.000Z,Pirkkola,OG23,OG23_Pirkkola,4,3,71
2024-09-25T02:00:00.000Z,Pirkkola,OG30,OG30_Pirkkola,5,8,34
2024-09-25T03:00:00.000Z,Pirkkola,OG10,OG10_Pirkkola_2,5,3,35
2024-09-25T03:00:00.000Z,Pirkkola,OG12,OG12_Pirkkola,6,5,8
2024-09-25T03:00:00.000Z,Pirkkola,OG23,OG23_Pirkkola,5,3,89
2024-09-25T03:00:00.000Z,Pirkkola,OG24,OG24_Pirkkola,23,15,300
2024-09-25T03:00:00.000Z,Pirkkola,OG30,OG30_Pirkkola,10,10,44
2024-09-25T03:00:00.000Z,Pirkkola,OG41,OG41_Pirkkola,2,1,1
2024-09-25T04:00:00.000Z,Paloheinä,OG23,OG23_Paloheina_1,5,4,50
2024-09-25T04:00:00.000Z,Paloheinä,OG30,OG30_Paloheina_2,7,4,31
2024-09-25T04:00:00.000Z,Pirkkola,OG12,OG12_Pirkkola,3,3,3
2024-09-25T04:00:00.000Z,Pirkkola,OG23,OG23_Pirkkola,3,3,13
2024-09-25T04:00:00.000Z,Pirkkola,OG24,OG24_Pirkkola,9,6,107
2024-09-25T04:00:00.000Z,Pirkkola,OG26,OG26_Pirkkola,3,4,37
2024-09-25T04:00:00.000Z,Pirkkola,OG41,OG41_Pirkkola,9,9,43
2024-09-25T04:00:00.000Z,Pirkkola,OG72,OG72_Pirkkola,11,9,102
2024-09-25T04:00:00.000Z,Pirkkola,OG92,OG92_Pirkkola,8,8,94
2024-09-25T05:00:00.000Z,Paloheinä,OG10,OG10_Paloheina_2,8,7,54
2024-09-25T05:00:00.000Z,Paloheinä,OG23,OG23_Paloheina_1,4,4,32
2024-09-25T05:00:00.000Z,Paloheinä,OG30,OG30_Paloheina_1,8,8,39
2024-09-25T05:00:00.000Z,Paloheinä,OG30,OG30_Paloheina_2,15,13,60
2024-09-25T05:00:00.000Z,Paloheinä,OG41,OG41_Paloheina_1,16,14,83
2024-09-25T05:00:00.000Z,Paloheinä,OG41,OG41_Paloheina_2,5,4,34
2024-09-25T05:00:00.000Z,Pirkkola,OG10,OG10_Pirkkola_2,2,2,5
2024-09-25T05:00:00.000Z,Pirkkola,OG12,OG12_Pirkkola,13,9,36
2024-09-25T05:00:00.000Z,Pirkkola,OG23,OG23_Pirkkola,4,3,106
2024-09-25T05:00:00.000Z,Pirkkola,OG24,OG24_Pirkkola,18,10,257
2024-09-25T05:00:00.000Z,Pirkkola,OG30,OG30_Pirkkola,12,7,40
2024-09-25T05:00:00.000Z,Pirkkola,OG41,OG41_Pirkkola,5,4,31
2024-09-25T05:00:00.000Z,Pirkkola,OG92,OG92_Pirkkola,6,6,32
2024-09-25T06:00:00.000Z,Paloheinä,OG10,OG10_Paloheina_2,10,7,74
2024-09-25T06:00:00.000Z,Paloheinä,OG23,OG23_Paloheina_1,17,13,119
2024-09-25T06:00:00.000Z,Paloheinä,OG30,OG30_Paloheina_1,9,8,26
2024-09-25T06:00:00.000Z,Paloheinä,OG30,OG30_Paloheina_2,8,8,46
2024-09-25T06:00:00.000Z,Paloheinä,OG41,OG41_Paloheina_1,14,12,75
2024-09-25T06:00:00.000Z,Paloheinä,OG41,OG41_Paloheina_2,8,7,52
2024-09-25T06:00:00.000Z,Pirkkola,OG10,OG10_Pirkkola_2,2,3,1
2024-09-25T06:00:00.000Z,Pirkkola,OG12,OG12_Pirkkola,4,3,1
2024-09-25T06:00:00.000Z,Pirkkola,OG23,OG23_Pirkkola,9,7,84
2024-09-25T06:00:00.000Z,Pirkkola,OG24,OG24_Pirkkola,8,7,87
2024-09-25T06:00:00.000Z,Pirkkola,OG26,OG26_Pirkkola,3,1,59
2024-09-25T06:00:00.000Z,Pirkkola,OG30,OG30_Pirkkola,23,19,164
2024-09-25T06:00:00.000Z,Pirkkola,OG41,OG41_Pirkkola,6,5,50
2024-09-25T06:00:00.000Z,Pirkkola,OG72,OG72_Pirkkola,18,17,202
2024-09-25T06:00:00.000Z,Pirkkola,OG92,OG92_Pirkkola,15,10,228
2024-09-25T06:00:00.000Z,Pirkkola,OGFA41,OGFA41_Pirkkola,5,5,41
2024-09-25T07:00:00.000Z,Paloheinä,OG10,OG10_Paloheina_2,5,5,32
2024-09-25T07:00:00.000Z,Paloheinä,OG23,OG23_Paloheina_1,14,11,85
2024-09-25T07:00:00.000Z,Paloheinä,OG30,OG30_Paloheina_1,12,15,43
2024-09-25T07:00:00.000Z,Paloheinä,OG30,OG30_Paloheina_2,14,11,48
2024-09-25T07:00:00.000Z,Paloheinä,OG41,OG41_Paloheina_1,9,7,39
2024-09-25T07:00:00.000Z,Paloheinä,OG41,OG41_Paloheina_2,6,6,21
2024-09-25T07:00:00.000Z,Pirkkola,OG10,OG10_Pirkkola_2,7,4,38
2024-09-25T07:00:00.000Z,Pirkkola,OG12,OG12_Pirkkola,4,3,8
2024-09-25T07:00:00.000Z,Pirkkola,OG23,OG23_Pirkkola,10,6,142
2024-09-25T07:00:00.000Z,Pirkkola,OG24,OG24_Pirkkola,14,10,107
2024-09-25T07:00:00.000Z,Pirkkola,OG26,OG26_Pirkkola,6,4,79
2024-09-25T07:00:00.000Z,Pirkkola,OG30,OG30_Pirkkola,25,21,91
2024-09-25T07:00:00.000Z,Pirkkola,OG41,OG41_Pirkkola,16,16,35
2024-09-25T07:00:00.000Z,Pirkkola,OG72,OG72_Pirkkola,13,9,128
2024-09-25T07:00:00.000Z,Pirkkola,OG92,OG92_Pirkkola,16,12,220
2024-09-25T07:00:00.000Z,Pirkkola,OGFA24,OGFA24_Pirkkola,2,1,19
2024-09-25T07:00:00.000Z,Pirkkola,OGFA41,OGFA41_Pirkkola,3,3,23
2024-09-25T08:00:00.000Z,Paloheinä,OG10,OG10_Paloheina_2,8,6,17
2024-09-25T08:00:00.000Z,Paloheinä,OG23,OG23_Paloheina_1,1,0,4
2024-09-25T08:00:00.000Z,Paloheinä,OG30,OG30_Paloheina_1,15,11,45
2024-09-25T08:00:00.000Z,Paloheinä,OG30,OG30_Paloheina_2,16,17,44
2024-09-25T08:00:00.000Z,Paloheinä,OG41,OG41_Paloheina_1,7,6,48
2024-09-25T08:00:00.000Z,Paloheinä,OG41,OG41_Paloheina_2,10,11,37
2024-09-25T08:00:00.000Z,Pirkkola,OG10,OG10_Pirkkola_2,11,10,24
2024-09-25T08:00:00.000Z,Pirkkola,OG12,OG12_Pirkkola,18,20,53
2024-09-25T08:00:00.000Z,Pirkkola,OG23,OG23_Pirkkola,7,6,46
2024-09-25T08:00:00.000Z,Pirkkola,OG24,OG24_Pirkkola,29,27,283
2024-09-25T08:00:00.000Z,Pirkkola,OG26,OG26_Pirkkola,14,14,214
2024-09-25T08:00:00.000Z,Pirkkola,OG30,OG30_Pirkkola,16,14,74
2024-09-25T08:00:00.000Z,Pirkkola,OG41,OG41_Pirkkola,5,6,22
2024-09-25T08:00:00.000Z,Pirkkola,OG72,OG72_Pirkkola,17,17,107
2024-09-25T08:00:00.000Z,Pirkkola,OG92,OG92_Pirkkola,17,14,249
2024-09-25T09:00:00.000Z,Paloheinä,OG10,OG10_Paloheina_2,3,4,5
2024-09-25T09:00:00.000Z,Paloheinä,OG30,OG30_Paloheina_1,14,11,48
2024-09-25T09:00:00.000Z,Paloheinä,OG30,OG30_Paloheina_2,7,7,15
2024-09-25T09:00:00.000Z,Paloheinä,OG41,OG41_Paloheina_1,8,7,24
2024-09-25T09:00:00.000Z,Paloheinä,OG41,OG41_Paloheina_2,4,3,22
2024-09-25T09:00:00.000Z,Pirkkola,OG10,OG10_Pirkkola_2,7,6,16
2024-09-25T09:00:00.000Z,Pirkkola,OG12,OG12_Pirkkola,14,12,42
2024-09-25T09:00:00.000Z,Pirkkola,OG23,OG23_Pirkkola,12,11,151
2024-09-25T09:00:00.000Z,Pirkkola,OG24,OG24_Pirkkola,27,20,305
2024-09-25T09:00:00.000Z,Pirkkola,OG26,OG26_Pirkkola,9,9,85
2024-09-25T09:00:00.000Z,Pirkkola,OG30,OG30_Pirkkola,30,22,117
2024-09-25T09:00:00.000Z,Pirkkola,OG41,OG41_Pirkkola,16,12,60
2024-09-25T09:00:00.000Z,Pirkkola,OG72,OG72_Pirkkola,20,18,163
2024-09-25T09:00:00.000Z,Pirkkola,OG92,OG92_Pirkkola,20,18,209
2024-09-25T09:00:00.000Z,Pirkkola,OGFA41,OGFA41_Pirkkola,1,1,2
2024-09-25T10:00:00.000Z,Paloheinä,OG10,OG10_Paloheina_2,1,1,8
2024-09-25T10:00:00.000Z,Paloheinä,OG23,OG23_Paloheina_1,5,3,24
2024-09-25T10:00:00.000Z,Paloheinä,OG30,OG30_Paloheina_1,16,10,73
2024-09-25T10:00:00.000Z,Paloheinä,OG30,OG30_Paloheina_2,9,9,28
2024-09-25T10:00:00.000Z,Paloheinä,OG41,OG41_Paloheina_1,3,3,4
2024-09-25T10:00:00.000Z,Paloheinä,OG41,OG41_Paloheina_2,13,9,124
2024-09-25T10:00:00.000Z,Pirkkola,OG10,OG10_Pirkkola_2,9,8,29
2024-09-25T10:00:00.000Z,Pirkkola,OG12,OG12_Pirkkola,7,5,21
2024-09-25T10:00:00.000Z,Pirkkola,OG23,OG23_Pirkkola,4,3,29
2024-09-25T10:00:00.000Z,Pirkkola,OG24,OG24_Pirkkola,15,9,183
2024-09-25T10:00:00.000Z,Pirkkola,OG26,OG26_Pirkkola,7,6,55
2024-09-25T10:00:00.000Z,Pirkkola,OG30,OG30_Pirkkola,11,8,44
2024-09-25T10:00:00.000Z,Pirkkola,OG41,OG41_Pirkkola,21,25,82
2024-09-25T10:00:00.000Z,Pirkkola,OG72,OG72_Pirkkola,8,8,61
2024-09-25T10:00:00.000Z,Pirkkola,OG92,OG92_Pirkkola,16,14,231
2024-09-25T10:00:00.000Z,Pirkkola,OGFA41,OGFA41_Pirkkola,3,2,2
2024-09-25T11:00:00.000Z,Paloheinä,OG10,OG10_Paloheina_2,4,3,18
2024-09-25T11:00:00.000Z,Paloheinä,OG30,OG30_Paloheina_1,2,2,1
2024-09-25T11:00:00.000Z,Paloheinä,OG30,OG30_Paloheina_2,4,3,9
2024-09-25T11:00:00.000Z,Paloheinä,OG41,OG41_Paloheina_1,7,7,39
2024-09-25T11:00:00.000Z,Paloheinä,OG41,OG41_Paloheina_2,4,4,20
2024-09-25T11:00:00.000Z,Pirkkola,OG10,OG10_Pirkkola_2,22,25,75
2024-09-25T11:00:00.000Z,Pirkkola,OG12,OG12_Pirkkola,14,11,50
2024-09-25T11:00:00.000Z,Pirkkola,OG23,OG23_Pirkkola,14,12,142
2024-09-25T11:00:00.000Z,Pirkkola,OG24,OG24_Pirkkola,19,14,206
2024-09-25T11:00:00.000Z,Pirkkola,OG26,OG26_Pirkkola,5,4,25
2024-09-25T11:00:00.000Z,Pirkkola,OG30,OG30_Pirkkola,13,10,55
2024-09-25T11:00:00.000Z,Pirkkola,OG41,OG41_Pirkkola,17,18,53
2024-09-25T11:00:00.000Z,Pirkkola,OG72,OG72_Pirkkola,13,11,116
2024-09-25T11:00:00.000Z,Pirkkola,OG92,OG92_Pirkkola,15,12,167
2024-09-25T12:00:00.000Z,Paloheinä,OG10,OG10_Paloheina_2,5,7,12
2024-09-25T12:00:00.000Z,Paloheinä,OG23,OG23_Paloheina_1,11,7,100
2024-09-25T12:00:00.000Z,Paloheinä,OG30,OG30_Paloheina_1,9,8,31
2024-09-25T12:00:00.000Z,Paloheinä,OG30,OG30_Paloheina_2,7,5,18
2024-09-25T12:00:00.000Z,Paloheinä,OG41,OG41_Paloheina_1,2,2,6
2024-09-25T12:00:00.000Z,Paloheinä,OG41,OG41_Paloheina_2,2,3,14
2024-09-25T12:00:00.000Z,Pirkkola,OG12,OG12_Pirkkola,0,0,0
2024-09-25T12:00:00.000Z,Pirkkola,OG23,OG23_Pirkkola,8,9,134
2024-09-25T12:00:00.000Z,Pirkkola,OG24,OG24_Pirkkola,9,7,122
2024-09-25T12:00:00.000Z,Pirkkola,OG26,OG26_Pirkkola,2,2,75
2024-09-25T12:00:00.000Z,Pirkkola,OG30,OG30_Pirkkola,3,2,13
2024-09-25T12:00:00.000Z,Pirkkola,OG41,OG41_Pirkkola,15,16,70
2024-09-25T12:00:00.000Z,Pirkkola,OG72,OG72_Pirkkola,14,13,161
2024-09-25T12:00:00.000Z,Pirkkola,OG92,OG92_Pirkkola,11,9,130
2024-09-25T13:00:00.000Z,Paloheinä,OG10,OG10_Paloheina_2,4,4,20
2024-09-25T13:00:00.000Z,Paloheinä,OG23,OG23_Paloheina_1,2,3,20
2024-09-25T13:00:00.000Z,Paloheinä,OG30,OG30_Paloheina_1,11,13,43
2024-09-25T13:00:00.000Z,Paloheinä,OG30,OG30_Paloheina_2,14,13,75
2024-09-25T13:00:00.000Z,Paloheinä,OG41,OG41_Paloheina_1,18,18,110
2024-09-25T13:00:00.000Z,Paloheinä,OG41,OG41_Paloheina_2,8,6,52
2024-09-25T13:00:00.000Z,Pirkkola,OG10,OG10_Pirkkola_2,10,15,26
2024-09-25T13:00:00.000Z,Pirkkola,OG12,OG12_Pirkkola,1,1,0
2024-09-25T13:00:00.000Z,Pirkkola,OG23,OG23_Pirkkola,19,14,268
2024-09-25T13:00:00.000Z,Pirkkola,OG24,OG24_Pirkkola,23,19,238
2024-09-25T13:00:00.000Z,Pirkkola,OG26,OG26_Pirkkola,7,7,83
2024-09-25T13:00:00.000Z,Pirkkola,OG30,OG30_Pirkkola,34,27,133
2024-09-25T13:00:00.000Z,Pirkkola,OG41,OG41_Pirkkola,20,18,73
2024-09-25T13:00:00.000Z,Pirkkola,OG72,OG72_Pirkkola,24,24,213
2024-09-25T13:00:00.000Z,Pirkkola,OG92,OG92_Pirkkola,22,20,222
2024-09-25T14:00:00.000Z,Paloheinä,OG30,OG30_Paloheina_1,15,16,16
2024-09-25T14:00:00.000Z,Paloheinä,OG30,OG30_Paloheina_2,2,2,3
2024-09-25T14:00:00.000Z,Paloheinä,OG41,OG41_Paloheina_2,12,8,60
2024-09-25T14:00:00.000Z,Pirkkola,OG10,OG10_Pirkkola_2,1,1,0
2024-09-25T14:00:00.000Z,Pirkkola,OG12,OG12_Pirkkola,17,16,52
2024-09-25T14:00:00.000Z,Pirkkola,OG23,OG23_Pirkkola,13,10,133
2024-09-25T14:00:00.000Z,Pirkkola,OG24,OG24_Pirkkola,6,5,68
2024-09-25T14:00:00.000Z,Pirkkola,OG26,OG26_Pirkkola,6,7,13
2024-09-25T14:00:00.000Z,Pirkkola,OG30,OG30_Pirkkola,2,2,0
2024-09-25T14:00:00.000Z,Pirkkola,OG41,OG41_Pirkkola,4,4,2
2024-09-25T14:00:00.000Z,Pirkkola,OG72,OG72_Pirkkola,11,9,36
2024-09-25T14:00:00.000Z,Pirkkola,OG92,OG92_Pirkkola,27,28,281
2024-09-25T14:00:00.000Z,Pirkkola,OGFA24,OGFA24_Pirkkola,1,1,0
2024-09-25T14:00:00.000Z,Pirkkola,OGFA41,OGFA41_Pirkkola,1,1,0
2024-09-25T15:00:00.000Z,Paloheinä,OG10,OG10_Paloheina_2,17,16,112
2024-09-25T15:00:00.000Z,Paloheinä,OG23,OG23_Paloheina_1,8,8,91
2024-09-25T15:00:00.000Z,Paloheinä,OG30,OG30_Paloheina_1,29,21,274
2024-09-25T15:00:00.000Z,Paloheinä,OG30,OG30_Paloheina_2,11,15,45
2024-09-25T15:00:00.000Z,Paloheinä,OG41,OG41_Paloheina_1,23,13,266
2024-09-25T15:00:00.000Z,Paloheinä,OG41,OG41_Paloheina_2,11,9,43
2024-09-25T15:00:00.000Z,Pirkkola,OG10,OG10_Pirkkola_2,18,21,89
2024-09-25T15:00:00.000Z,Pirkkola,OG12,OG12_Pirkkola,26,17,333
2024-09-25T15:00:00.000Z,Pirkkola,OG23,OG23_Pirkkola,7,8,103
2024-09-25T15:00:00.000Z,Pirkkola,OG24,OG24_Pirkkola,29,20,351
2024-09-25T15:00:00.000Z,Pirkkola,OG26,OG26_Pirkkola,1,1,37
2024-09-25T15:00:00.000Z,Pirkkola,OG30,OG30_Pirkkola,24,19,142
2024-09-25T15:00:00.000Z,Pirkkola,OG41,OG41_Pirkkola,8,7,28
2024-09-25T15:00:00.000Z,Pirkkola,OG72,OG72_Pirkkola,8,6,38
2024-09-25T15:00:00.000Z,Pirkkola,OG92,OG92_Pirkkola,2,4,24
2024-09-25T16:00:00.000Z,Paloheinä,OG10,OG10_Paloheina_2,8,5,29
2024-09-25T16:00:00.000Z,Paloheinä,OG23,OG23_Paloheina_1,13,9,166
2024-09-25T16:00:00.000Z,Paloheinä,OG30,OG30_Paloheina_1,13,13,47
2024-09-25T16:00:00.000Z,Paloheinä,OG30,OG30_Paloheina_2,9,7,64
2024-09-25T16:00:00.000Z,Paloheinä,OG41,OG41_Paloheina_1,11,14,70
2024-09-25T16:00:00.000Z,Paloheinä,OG41,OG41_Paloheina_2,6,6,23
2024-09-25T16:00:00.000Z,Pirkkola,OG12,OG12_Pirkkola,27,29,102
2024-09-25T16:00:00.000Z,Pirkkola,OG23,OG23_Pirkkola,14,12,289
2024-09-25T16:00:00.000Z,Pirkkola,OG24,OG24_Pirkkola,13,10,122
2024-09-25T16:00:00.000Z,Pirkkola,OG26,OG26_Pirkkola,5,4,96
2024-09-25T16:00:00.000Z,Pirkkola,OG30,OG30_Pirkkola,13,11,58
2024-09-25T16:00:00.000Z,Pirkkola,OG41,OG41_Pirkkola,19,18,54
2024-09-25T16:00:00.000Z,Pirkkola,OG72,OG72_Pirkkola,25,18,158
2024-09-25T16:00:00.000Z,Pirkkola,OG92,OG92_Pirkkola,14,12,206
2024-09-25T16:00:00.000Z,Pirkkola,OGFA24,OGFA24_Pirkkola,3,2,22
2024-09-25T16:00:00.000Z,Pirkkola,OGFA41,OGFA41_Pirkkola,1,1,0
2024-09-25T17:00:00.000Z,Paloheinä,OG23,OG23_Paloheina_1,3,2,12
2024-09-25T17:00:00.000Z,Paloheinä,OG30,OG30_Paloheina_1,1,1,7
2024-09-25T17:00:00.000Z,Paloheinä,OG30,OG30_Paloheina_2,1,1,9
2024-09-25T17:00:00.000Z,Pirkkola,OG12,OG12_Pirkkola,28,22,158
2024-09-25T17:00:00.000Z,Pirkkola,OG23,OG23_Pirkkola,2,1,16
2024-09-25T17:00:00.000Z,Pirkkola,OG24,OG24_Pirkkola,5,4,69
2024-09-25T17:00:00.000Z,Pirkkola,OG26,OG26_Pirkkola,2,2,0
2024-09-25T17:00:00.000Z,Pirkkola,OG30,OG30_Pirkkola,6,9,6
2024-09-25T17:00:00.000Z,Pirkkola,OG41,OG41_Pirkkola,4,3,7
2024-09-25T17:00:00.000Z,Pirkkola,OG72,OG72_Pirkkola,7,7,72
2024-09-25T17:00:00.000Z,Pirkkola,OG92,OG92_Pirkkola,6,5,66
2024-09-25T17:00:00.000Z,Pirkkola,OGFA24,OGFA24_Pirkkola,1,1,7
2024-09-25T18:00:00.000Z,Paloheinä,OG30,OG30_Paloheina_1,7,5,14
2024-09-25T18:00:00.000Z,Paloheinä,OG30,OG30_Paloheina_2,1,0,0
2024-09-25T18:00:00.000Z,Pirkkola,OG10,OG10_Pirkkola_2,8,6,32
2024-09-25T18:00:00.000Z,Pirkkola,OG12,OG12_Pirkkola,1,1,0
2024-09-25T18:00:00.000Z,Pirkkola,OG24,OG24_Pirkkola,2,1,24
2024-09-25T18:00:00.000Z,Pirkkola,OG41,OG41_Pirkkola,7,6,12
2024-09-25T18:00:00.000Z,Pirkkola,OGFA24,OGFA24_Pirkkola,1,1,0
2024-09-25T19:00:00.000Z,Pirkkola,OG12,OG12_Pirkkola,3,3,12
2024-09-25T19:00:00.000Z,Pirkkola,OG23,OG23_Pirkkola,3,2,28
2024-09-25T19:00:00.000Z,Pirkkola,OG24,OG24_Pirkkola,1,1,29
2024-09-25T19:00:00.000Z,Pirkkola,OG30,OG30_Pirkkola,7,5,20
2024-09-25T19:00:00.000Z,Pirkkola,OG41,OG41_Pirkkola,5,6,11
2024-09-25T19:00:00.000Z,Pirkkola,OG72,OG72_Pirkkola,11,7,149
2024-09-25T19:00:00.000Z,Pirkkola,OG92,OG92_Pirkkola,3,2,39
2024-09-25T19:00:00.000Z,Pirkkola,OGFA24,OGFA24_Pirkkola,2,1,24
2024-09-25T19:00:00.000Z,Pirkkola,OGFA41,OGFA41_Pirkkola,2,2,11
2024-09-25T20:00:00.000Z,Pirkkola,OG23,OG23_Pirkkola,5,3,30
2024-09-25T20:00:00.000Z,Pirkkola,OG24,OG24_Pirkkola,8,5,85
2024-09-25T21:00:00.000Z,Paloheinä,OG10,OG10_Paloheina_2,1,1,0
2024-09-25T21:00:00.000Z,Pirkkola,OG23,OG23_Pirkkola,1,1,1
2024-09-25T22:00:00.000Z,Paloheinä,OG23,OG23_Paloheina_1,1,1,0
2024-09-25T22:00:00.000Z,Pirkkola,OG23,OG23_Pirkkola,1,1,0
2024-09-25T23:00:00.000Z,Pirkkola,OG23,OG23_Pirkkola,4,4,1
2024-09-26T01:00:00.000Z,Pirkkola,OG12,OG12_Pirkkola,1,1,0
2024-09-26T02:00:00.000Z,Paloheinä,OG10,OG10_Paloheina_2,1,1,0
2024-09-26T02:00:00.000Z,Paloheinä,OG41,OG41_Paloheina_2,1,1,0
2024-09-26T02:00:00.000Z,Pirkkola,OG10,OG10_Pirkkola_2,1,1,0
2024-09-26T03:00:00.000Z,Paloheinä,OG41,OG41_Paloheina_2,0,0,0
2024-09-26T03:00:00.000Z,Pirkkola,OG23,OG23_Pirkkola,1,1,0
2024-09-26T03:00:00.000Z,Pirkkola,OG24,OG24_Pirkkola,7,4,113
2024-09-26T04:00:00.000Z,Paloheinä,OG30,OG30_Paloheina_1,1,1,0
2024-09-26T04:00:00.000Z,Paloheinä,OG30,OG30_Paloheina_2,1,2,0
2024-09-26T04:00:00.000Z,Pirkkola,OG10,OG10_Pirkkola_2,17,20,72
2024-09-26T04:00:00.000Z,Pirkkola,OG12,OG12_Pirkkola,9,10,23
2024-09-26T04:00:00.000Z,Pirkkola,OG23,OG23_Pirkkola,6,6,68
2024-09-26T04:00:00.000Z,Pirkkola,OG24,OG24_Pirkkola,7,5,113
2024-09-26T04:00:00.000Z,Pirkkola,OG26,OG26_Pirkkola,11,10,132
2024-09-26T04:00:00.000Z,Pirkkola,OG30,OG30_Pirkkola,7,6,31
2024-09-26T04:00:00.000Z,Pirkkola,OG41,OG41_Pirkkola,8,7,36
2024-09-26T04:00:00.000Z,Pirkkola,OG72,OG72_Pirkkola,14,8,156
2024-09-26T04:00:00.000Z,Pirkkola,OG92,OG92_Pirkkola,10,9,63
2024-09-26T04:00:00.000Z,Pirkkola,OGFA24,OGFA24_Pirkkola,1,1,0
2024-09-26T05:00:00.000Z,Paloheinä,OG10,OG10_Paloheina_2,10,11,58
2024-09-26T05:00:00.000Z,Paloheinä,OG23,OG23_Paloheina_1,6,5,29
2024-09-26T05:00:00.000Z,Paloheinä,OG30,OG30_Paloheina_1,3,5,1
2024-09-26T05:00:00.000Z,Paloheinä,OG30,OG30_Paloheina_2,3,2,0
2024-09-26T05:00:00.000Z,Pirkkola,OG12,OG12_Pirkkola,13,14,7
2024-09-26T05:00:00.000Z,Pirkkola,OG23,OG23_Pirkkola,1,0,3
2024-09-26T05:00:00.000Z,Pirkkola,OG24,OG24_Pirkkola,5,4,20
2024-09-26T05:00:00.000Z,Pirkkola,OG26,OG26_Pirkkola,1,1,0
2024-09-26T05:00:00.000Z,Pirkkola,OG72,OG72_Pirkkola,1,1,0
2024-09-26T05:00:00.000Z,Pirkkola,OG92,OG92_Pirkkola,3,3,22
2024-09-26T06:00:00.000Z,Pirkkola,OG12,OG12_Pirkkola,4,4,0
2024-09-26T06:00:00.000Z,Pirkkola,OG72,OG72_Pirkkola,1,1,0
2024-09-26T07:00:00.000Z,Paloheinä,OG23,OG23_Paloheina_1,2,2,23
2024-09-26T07:00:00.000Z,Paloheinä,OG30,OG30_Paloheina_1,4,4,21
2024-09-26T07:00:00.000Z,Pirkkola,OG23,OG23_Pirkkola,2,1,16
2024-09-26T07:00:00.000Z,Pirkkola,OG24,OG24_Pirkkola,4,2,32
2024-09-26T07:00:00.000Z,Pirkkola,OG30,OG30_Pirkkola,15,14,35
2024-09-26T07:00:00.000Z,Pirkkola,OG41,OG41_Pirkkola,9,9,20
2024-09-26T07:00:00.000Z,Pirkkola,OG92,OG92_Pirkkola,3,2,21
2024-09-26T08:00:00.000Z,Paloheinä,OG10,OG10_Paloheina_2,3,4,4
2024-09-26T08:00:00.000Z,Paloheinä,OG23,OG23_Paloheina_1,8,10,63
2024-09-26T08:00:00.000Z,Paloheinä,OG30,OG30_Paloheina_1,8,9,32
2024-09-26T08:00:00.000Z,Paloheinä,OG30,OG30_Paloheina_2,3,2,21
2024-09-26T08:00:00.000Z,Paloheinä,OG41,OG41_Paloheina_1,11,9,21
2024-09-26T08:00:00.000Z,Paloheinä,OG41,OG41_Paloheina_2,6,5,26
2024-09-26T08:00:00.000Z,Pirkkola,OG10,OG10_Pirkkola_2,1,1,0
2024-09-26T08:00:00.000Z,Pirkkola,OG12,OG12_Pirkkola,2,2,1
2024-09-26T08:00:00.000Z,Pirkkola,OG23,OG23_Pirkkola,8,6,52
2024-09-26T08:00:00.000Z,Pirkkola,OG30,OG30_Pirkkola,11,9,75
2024-09-26T08:00:00.000Z,Pirkkola,OG41,OG41_Pirkkola,17,14,89
2024-09-26T08:00:00.000Z,Pirkkola,OG72,OG72_Pirkkola,12,9,94
2024-09-26T08:00:00.000Z,Pirkkola,OG92,OG92_Pirkkola,8,5,107
2024-09-26T08:00:00.000Z,Pirkkola,OGFA41,OGFA41_Pirkkola,1,1,0
2024-09-26T09:00:00.000Z,Paloheinä,OG10,OG10_Paloheina_2,1,2,0
2024-09-26T09:00:00.000Z,Paloheinä,OG23,OG23_Paloheina_1,2,2,6
2024-09-26T09:00:00.000Z,Paloheinä,OG30,OG30_Paloheina_1,8,8,19
2024-09-26T09:00:00.000Z,Paloheinä,OG30,OG30_Paloheina_2,5,6,14
2024-09-26T09:00:00.000Z,Paloheinä,OG41,OG41_Paloheina_1,3,3,16
2024-09-26T09:00:00.000Z,Paloheinä,OG41,OG41_Paloheina_2,1,2,0
2024-09-26T09:00:00.000Z,Pirkkola,OG10,OG10_Pirkkola_2,1,1,0
2024-09-26T09:00:00.000Z,Pirkkola,OG12,OG12_Pirkkola,10,10,2
2024-09-26T09:00:00.000Z,Pirkkola,OG23,OG23_Pirkkola,3,2,13
2024-09-26T09:00:00.000Z,Pirkkola,OG24,OG24_Pirkkola,1,1,0
2024-09-26T09:00:00.000Z,Pirkkola,OG26,OG26_Pirkkola,1,1,0
2024-09-26T09:00:00.000Z,Pirkkola,OG72,OG72_Pirkkola,7,2,107
2024-09-26T09:00:00.000Z,Pirkkola,OG92,OG92_Pirkkola,3,3,9
2024-09-26T09:00:00.000Z,Pirkkola,OGFA24,OGFA24_Pirkkola,1,1,0
2024-09-26T10:00:00.000Z,Paloheinä,OG10,OG10_Paloheina_2,1,1,0
2024-09-26T10:00:00.000Z,Paloheinä,OG23,OG23_Paloheina_1,1,1,0
2024-09-26T10:00:00.000Z,Paloheinä,OG30,OG30_Paloheina_1,1,3,0
2024-09-26T10:00:00.000Z,Paloheinä,OG30,OG30_Paloheina_2,1,1,0
2024-09-26T10:00:00.000Z,Paloheinä,OG41,OG41_Paloheina_1,1,1,0
2024-09-26T10:00:00.000Z,Pirkkola,OG10,OG10_Pirkkola_2,5,7,12
2024-09-26T10:00:00.000Z,Pirkkola,OG12,OG12_Pirkkola,19,16,35
2024-09-26T10:00:00.000Z,Pirkkola,OG23,OG23_Pirkkola,1,2,0
2024-09-26T10:00:00.000Z,Pirkkola,OG26,OG26_Pirkkola,2,4,1
2024-09-26T10:00:00.000Z,Pirkkola,OG30,OG30_Pirkkola,5,4,14
2024-09-26T10:00:00.000Z,Pirkkola,OG41,OG41_Pirkkola,5,4,9
2024-09-26T10:00:00.000Z,Pirkkola,OG72,OG72_Pirkkola,7,5,27
2024-09-26T10:00:00.000Z,Pirkkola,OG92,OG92_Pirkkola,1,2,1
2024-09-26T10:00:00.000Z,Pirkkola,OGFA24,OGFA24_Pirkkola,1,1,0
2024-09-26T11:00:00.000Z,Paloheinä,OG10,OG10_Paloheina_2,1,1,0
2024-09-26T11:00:00.000Z,Paloheinä,OG30,OG30_Paloheina_1,10,12,39
2024-09-26T11:00:00.000Z,Paloheinä,OG41,OG41_Paloheina_1,4,3,16
2024-09-26T11:00:00.000Z,Pirkkola,OG10,OG10_Pirkkola_2,3,2,15
2024-09-26T11:00:00.000Z,Pirkkola,OG23,OG23_Pirkkola,5,3,48
2024-09-26T11:00:00.000Z,Pirkkola,OG24,OG24_Pirkkola,9,6,64
2024-09-26T11:00:00.000Z,Pirkkola,OG26,OG26_Pirkkola,4,4,70
2024-09-26T11:00:00.000Z,Pirkkola,OG30,OG30_Pirkkola,12,13,65
2024-09-26T11:00:00.000Z,Pirkkola,OG41,OG41_Pirkkola,3,2,8
2024-09-26T11:00:00.000Z,Pirkkola,OG72,OG72_Pirkkola,2,1,13
2024-09-26T11:00:00.000Z,Pirkkola,OG92,OG92_Pirkkola,3,2,31
2024-09-26T11:00:00.000Z,Pirkkola,OGFA41,OGFA41_Pirkkola,3,3,12
2024-09-26T12:00:00.000Z,Paloheinä,OG10,OG10_Paloheina_2,8,13,16
2024-09-26T12:00:00.000Z,Paloheinä,OG30,OG30_Paloheina_1,21,26,30
2024-09-26T12:00:00.000Z,Paloheinä,OG41,OG41_Paloheina_1,11,8,45
2024-09-26T12:00:00.000Z,Pirkkola,OG10,OG10_Pirkkola_2,8,6,28
2024-09-26T12:00:00.000Z,Pirkkola,OG12,OG12_Pirkkola,21,21,80
2024-09-26T12:00:00.000Z,Pirkkola,OG23,OG23_Pirkkola,2,2,25
2024-09-26T12:00:00.000Z,Pirkkola,OG24,OG24_Pirkkola,7,5,64
2024-09-26T12:00:00.000Z,Pirkkola,OG30,OG30_Pirkkola,13,12,23
2024-09-26T12:00:00.000Z,Pirkkola,OG41,OG41_Pirkkola,8,8,22
2024-09-26T12:00:00.000Z,Pirkkola,OG72,OG72_Pirkkola,7,6,99
2024-09-26T12:00:00.000Z,Pirkkola,OG92,OG92_Pirkkola,9,8,93
2024-09-26T13:00:00.000Z,Paloheinä,OG10,OG10_Paloheina_2,8,8,19
2024-09-26T13:00:00.000Z,Paloheinä,OG23,OG23_Paloheina_1,19,13,147
2024-09-26T13:00:00.000Z,Paloheinä,OG30,OG30_Paloheina_1,22,21,107
2024-09-26T13:00:00.000Z,Paloheinä,OG30,OG30_Paloheina_2,16,17,36
2024-09-26T13:00:00.000Z,Paloheinä,OG41,OG41_Paloheina_1,4,5,28
2024-09-26T13:00:00.000Z,Paloheinä,OG41,OG41_Paloheina_2,7,6,18
2024-09-26T13:00:00.000Z,Pirkkola,OG10,OG10_Pirkkola_2,2,3,13
2024-09-26T13:00:00.000Z,Pirkkola,OG12,OG12_Pirkkola,27,28,102
2024-09-26T13:00:00.000Z,Pirkkola,OG23,OG23_Pirkkola,3,3,21
2024-09-26T13:00:00.000Z,Pirkkola,OG24,OG24_Pirkkola,23,16,366
2024-09-26T13:00:00.000Z,Pirkkola,OG26,OG26_Pirkkola,5,4,113
2024-09-26T13:00:00.000Z,Pirkkola,OG41,OG41_Pirkkola,3,2,11
2024-09-26T13:00:00.000Z,Pirkkola,OG72,OG72_Pirkkola,27,26,231
2024-09-26T13:00:00.000Z,Pirkkola,OG92,OG92_Pirkkola,17,20,287
2024-09-26T14:00:00.000Z,Paloheinä,OG10,OG10_Paloheina_2,14,12,75
2024-09-26T14:00:00.000Z,Paloheinä,OG23,OG23_Paloheina_1,18,13,187
2024-09-26T14:00:00.000Z,Paloheinä,OG30,OG30_Paloheina_1,16,15,71
2024-09-26T14:00:00.000Z,Paloheinä,OG30,OG30_Paloheina_2,18,14,109
2024-09-26T14:00:00.000Z,Paloheinä,OG41,OG41_Paloheina_1,7,7,39
2024-09-26T14:00:00.000Z,Paloheinä,OG41,OG41_Paloheina_2,9,9,43
2024-09-26T14:00:00.000Z,Pirkkola,OG10,OG10_Pirkkola_2,42,34,187
2024-09-26T14:00:00.000Z,Pirkkola,OG12,OG12_Pirkkola,29,30,140
2024-09-26T14:00:00.000Z,Pirkkola,OG23,OG23_Pirkkola,34,31,467
2024-09-26T14:00:00.000Z,Pirkkola,OG24,OG24_Pirkkola,32,25,390
2024-09-26T14:00:00.000Z,Pirkkola,OG26,OG26_Pirkkola,8,3,203
2024-09-26T14:00:00.000Z,Pirkkola,OG30,OG30_Pirkkola,28,26,182
2024-09-26T14:00:00.000Z,Pirkkola,OG41,OG41_Pirkkola,4,5,11
2024-09-26T14:00:00.000Z,Pirkkola,OG72,OG72_Pirkkola,31,30,218
2024-09-26T14:00:00.000Z,Pirkkola,OG92,OG92_Pirkkola,37,32,686
2024-09-26T14:00:00.000Z,Pirkkola,OGFA24,OGFA24_Pirkkola,1,1,8
2024-09-26T15:00:00.000Z,Paloheinä,OG10,OG10_Paloheina_2,33,29,215
2024-09-26T15:00:00.000Z,Paloheinä,OG23,OG23_Paloheina_1,19,13,287
2024-09-26T15:00:00.000Z,Paloheinä,OG30,OG30_Paloheina_1,32,37,221
2024-09-26T15:00:00.000Z,Paloheinä,OG30,OG30_Paloheina_2,29,21,286
2024-09-26T15:00:00.000Z,Paloheinä,OG41,OG41_Paloheina_1,29,30,217
2024-09-26T15:00:00.000Z,Paloheinä,OG41,OG41_Paloheina_2,31,23,128
2024-09-26T15:00:00.000Z,Pirkkola,OG10,OG10_Pirkkola_2,21,19,79
2024-09-26T15:00:00.000Z,Pirkkola,OG12,OG12_Pirkkola,18,18,55
2024-09-26T15:00:00.000Z,Pirkkola,OG23,OG23_Pirkkola,18,19,240
2024-09-26T15:00:00.000Z,Pirkkola,OG24,OG24_Pirkkola,38,28,557
2024-09-26T15:00:00.000Z,Pirkkola,OG26,OG26_Pirkkola,11,8,235
2024-09-26T15:00:00.000Z,Pirkkola,OG30,OG30_Pirkkola,35,35,151
2024-09-26T15:00:00.000Z,Pirkkola,OG41,OG41_Pirkkola,14,17,39
2024-09-26T15:00:00.000Z,Pirkkola,OG72,OG72_Pirkkola,23,15,176
2024-09-26T15:00:00.000Z,Pirkkola,OG92,OG92_Pirkkola,34,27,562
2024-09-26T15:00:00.000Z,Pirkkola,OGFA24,OGFA24_Pirkkola,4,4,12
2024-09-26T15:00:00.000Z,Pirkkola,OGFA41,OGFA41_Pirkkola,8,6,34
2024-09-26T16:00:00.000Z,Paloheinä,OG10,OG10_Paloheina_2,39,43,229
2024-09-26T16:00:00.000Z,Paloheinä,OG23,OG23_Paloheina_1,24,20,307
2024-09-26T16:00:00.000Z,Paloheinä,OG30,OG30_Paloheina_1,39,42,239
2024-09-26T16:00:00.000Z,Paloheinä,OG30,OG30_Paloheina_2,34,28,282
2024-09-26T16:00:00.000Z,Paloheinä,OG41,OG41_Paloheina_1,23,23,250
2024-09-26T16:00:00.000Z,Paloheinä,OG41,OG41_Paloheina_2,24,23,233
2024-09-26T16:00:00.000Z,Pirkkola,OG10,OG10_Pirkkola_2,18,16,104
2024-09-26T16:00:00.000Z,Pirkkola,OG12,OG12_Pirkkola,25,22,99
2024-09-26T16:00:00.000Z,Pirkkola,OG23,OG23_Pirkkola,24,19,437
2024-09-26T16:00:00.000Z,Pirkkola,OG24,OG24_Pirkkola,53,40,607
2024-09-26T16:00:00.000Z,Pirkkola,OG26,OG26_Pirkkola,11,8,209
2024-09-26T16:00:00.000Z,Pirkkola,OG30,OG30_Pirkkola,27,30,156
2024-09-26T16:00:00.000Z,Pirkkola,OG41,OG41_Pirkkola,17,19,49
2024-09-26T16:00:00.000Z,Pirkkola,OG72,OG72_Pirkkola,38,30,437
2024-09-26T16:00:00.000Z,Pirkkola,OG92,OG92_Pirkkola,36,31,561
2024-09-26T16:00:00.000Z,Pirkkola,OGFA24,OGFA24_Pirkkola,5,4,94
2024-09-26T16:00:00.000Z,Pirkkola,OGFA41,OGFA41_Pirkkola,14,11,79
2024-09-26T17:00:00.000Z,Paloheinä,OG10,OG10_Paloheina_2,11,11,75
2024-09-26T17:00:00.000Z,Paloheinä,OG23,OG23_Paloheina_1,21,19,228
2024-09-26T17:00:00.000Z,Paloheinä,OG30,OG30_Paloheina_1,10,10,45
2024-09-26T17:00:00.000Z,Paloheinä,OG30,OG30_Paloheina_2,13,13,52
2024-09-26T17:00:00.000Z,Paloheinä,OG41,OG41_Paloheina_1,17,16,120
2024-09-26T17:00:00.000Z,Paloheinä,OG41,OG41_Paloheina_2,8,9,24
2024-09-26T17:00:00.000Z,Pirkkola,OG10,OG10_Pirkkola_2,9,9,18
2024-09-26T17:00:00.000Z,Pirkkola,OG12,OG12_Pirkkola,19,19,51
2024-09-26T17:00:00.000Z,Pirkkola,OG23,OG23_Pirkkola,16,13,253
2024-09-26T17:00:00.000Z,Pirkkola,OG24,OG24_Pirkkola,23,16,317
2024-09-26T17:00:00.000Z,Pirkkola,OG26,OG26_Pirkkola,4,2,45
2024-09-26T17:00:00.000Z,Pirkkola,OG30,OG30_Pirkkola,27,22,123
2024-09-26T17:00:00.000Z,Pirkkola,OG41,OG41_Pirkkola,13,11,44
2024-09-26T17:00:00.000Z,Pirkkola,OG72,OG72_Pirkkola,18,14,194
2024-09-26T17:00:00.000Z,Pirkkola,OG92,OG92_Pirkkola,16,14,245
2024-09-26T17:00:00.000Z,Pirkkola,OGFA24,OGFA24_Pirkkola,4,3,96
2024-09-26T17:00:00.000Z,Pirkkola,OGFA41,OGFA41_Pirkkola,5,5,21
2024-09-26T18:00:00.000Z,Paloheinä,OG10,OG10_Paloheina_2,3,3,23
2024-09-26T18:00:00.000Z,Paloheinä,OG23,OG23_Paloheina_1,5,4,24
2024-09-26T18:00:00.000Z,Paloheinä,OG30,OG30_Paloheina_1,2,1,11
2024-09-26T18:00:00.000Z,Paloheinä,OG30,OG30_Paloheina_2,3,3,9
2024-09-26T18:00:00.000Z,Paloheinä,OG41,OG41_Paloheina_1,2,1,10
2024-09-26T18:00:00.000Z,Paloheinä,OG41,OG41_Paloheina_2,5,5,17
2024-09-26T18:00:00.000Z,Pirkkola,OG12,OG12_Pirkkola,8,6,32
2024-09-26T18:00:00.000Z,Pirkkola,OG23,OG23_Pirkkola,7,6,98
2024-09-26T18:00:00.000Z,Pirkkola,OG24,OG24_Pirkkola,9,7,122
2024-09-26T18:00:00.000Z,Pirkkola,OG30,OG30_Pirkkola,10,11,57
2024-09-26T18:00:00.000Z,Pirkkola,OG41,OG41_Pirkkola,11,12,39
2024-09-26T18:00:00.000Z,Pirkkola,OG72,OG72_Pirkkola,9,7,71
2024-09-26T18:00:00.000Z,Pirkkola,OG92,OG92_Pirkkola,9,4,176
2024-09-26T19:00:00.000Z,Paloheinä,OG23,OG23_Paloheina_1,2,2,0
2024-09-26T19:00:00.000Z,Paloheinä,OG30,OG30_Paloheina_1,2,2,0
2024-09-26T19:00:00.000Z,Pirkkola,OG10,OG10_Pirkkola_2,1,1,0
2024-09-26T19:00:00.000Z,Pirkkola,OG12,OG12_Pirkkola,20,16,504
2024-09-26T19:00:00.000Z,Pirkkola,OG23,OG23_Pirkkola,8,6,166
2024-09-26T19:00:00.000Z,Pirkkola,OG24,OG24_Pirkkola,21,13,300
2024-09-26T19:00:00.000Z,Pirkkola,OG26,OG26_Pirkkola,3,4,0
2024-09-26T19:00:00.000Z,Pirkkola,OG30,OG30_Pirkkola,1,1,2
2024-09-26T19:00:00.000Z,Pirkkola,OG41,OG41_Pirkkola,1,1,0
2024-09-26T19:00:00.000Z,Pirkkola,OG72,OG72_Pirkkola,2,2,0
2024-09-26T20:00:00.000Z,Paloheinä,OG30,OG30_Paloheina_2,1,1,0
2024-09-26T20:00:00.000Z,Pirkkola,OG12,OG12_Pirkkola,3,2,0
2024-09-26T21:00:00.000Z,Pirkkola,OG12,OG12_Pirkkola,3,3,0
2024-09-26T21:00:00.000Z,Pirkkola,OG23,OG23_Pirkkola,1,1,0
2024-09-26T22:00:00.000Z,Paloheinä,OG10,OG10_Paloheina_2,1,1,0
2024-09-26T22:00:00.000Z,Pirkkola,OG12,OG12_Pirkkola,15,15,3
2024-09-26T22:00:00.000Z,Pirkkola,OG26,OG26_Pirkkola,2,2,0
2024-09-26T23:00:00.000Z,Paloheinä,OG23,OG23_Paloheina_1,1,1,0
2024-09-27T00:00:00.000Z,Paloheinä,OG23,OG23_Paloheina_1,1,1,0
2024-09-27T01:00:00.000Z,Paloheinä,OG23,OG23_Paloheina_1,1,1,0
2024-09-27T01:00:00.000Z,Paloheinä,OG30,OG30_Paloheina_1,3,5,2
2024-09-27T01:00:00.000Z,Paloheinä,OG30,OG30_Paloheina_2,3,3,0
2024-09-27T01:00:00.000Z,Pirkkola,OG12,OG12_Pirkkola,14,17,6
2024-09-27T01:00:00.000Z,Pirkkola,OG26,OG26_Pirkkola,2,3,1
2024-09-27T01:00:00.000Z,Pirkkola,OG30,OG30_Pirkkola,1,1,0
2024-09-27T01:00:00.000Z,Pirkkola,OG41,OG41_Pirkkola,1,1,0
2024-09-27T01:00:00.000Z,Pirkkola,OG72,OG72_Pirkkola,1,1,0
2024-09-27T01:00:00.000Z,Pirkkola,OG92,OG92_Pirkkola,1,1,0
2024-09-27T01:00:00.000Z,Pirkkola,OGFA24,OGFA24_Pirkkola,1,1,0
2024-09-27T02:00:00.000Z,Pirkkola,OG12,OG12_Pirkkola,7,7,1
2024-09-27T02:00:00.000Z,Pirkkola,OG72,OG72_Pirkkola,1,1,0
2024-09-27T03:00:00.000Z,Pirkkola,OG12,OG12_Pirkkola,10,10,2
2024-09-27T03:00:00.000Z,Pirkkola,OG72,OG72_Pirkkola,1,1,0
2024-09-27T04:00:00.000Z,Pirkkola,OG10,OG10_Pirkkola_2,6,8,7
2024-09-27T04:00:00.000Z,Pirkkola,OG12,OG12_Pirkkola,12,15,4
2024-09-27T04:00:00.000Z,Pirkkola,OG23,OG23_Pirkkola,8,7,57
2024-09-27T04:00:00.000Z,Pirkkola,OG24,OG24_Pirkkola,9,8,87
2024-09-27T04:00:00.000Z,Pirkkola,OG26,OG26_Pirkkola,12,6,214
2024-09-27T04:00:00.000Z,Pirkkola,OG30,OG30_Pirkkola,4,3,6
2024-09-27T04:00:00.000Z,Pirkkola,OG41,OG41_Pirkkola,10,10,18
2024-09-27T04:00:00.000Z,Pirkkola,OG72,OG72_Pirkkola,7,8,67
2024-09-27T04:00:00.000Z,Pirkkola,OG92,OG92_Pirkkola,10,7,79
2024-09-27T05:00:00.000Z,Paloheinä,OG23,OG23_Paloheina_1,2,2,0
2024-09-27T05:00:00.000Z,Paloheinä,OG30,OG30_Paloheina_1,6,5,11
2024-09-27T05:00:00.000Z,Paloheinä,OG41,OG41_Paloheina_1,10,13,110
2024-09-27T05:00:00.000Z,Paloheinä,OG41,OG41_Paloheina_2,1,1,0
2024-09-27T05:00:00.000Z,Pirkkola,OG12,OG12_Pirkkola,2,2,5
2024-09-27T05:00:00.000Z,Pirkkola,OG23,OG23_Pirkkola,6,5,63
2024-09-27T05:00:00.000Z,Pirkkola,OG24,OG24_Pirkkola,3,4,24
2024-09-27T05:00:00.000Z,Pirkkola,OG72,OG72_Pirkkola,15,8,144
2024-09-27T06:00:00.000Z,Paloheinä,OG10,OG10_Paloheina_2,8,12,30
2024-09-27T06:00:00.000Z,Paloheinä,OG23,OG23_Paloheina_1,8,5,74
2024-09-27T06:00:00.000Z,Paloheinä,OG30,OG30_Paloheina_1,11,9,43
2024-09-27T06:00:00.000Z,Paloheinä,OG30,OG30_Paloheina_2,7,9,37
2024-09-27T06:00:00.000Z,Paloheinä,OG41,OG41_Paloheina_1,1,1,1
2024-09-27T06:00:00.000Z,Paloheinä,OG41,OG41_Paloheina_2,12,11,39
2024-09-27T06:00:00.000Z,Pirkkola,OG12,OG12_Pirkkola,18,15,84
2024-09-27T06:00:00.000Z,Pirkkola,OG23,OG23_Pirkkola,5,3,49
2024-09-27T06:00:00.000Z,Pirkkola,OG24,OG24_Pirkkola,8,3,176
2024-09-27T06:00:00.000Z,Pirkkola,OG72,OG72_Pirkkola,2,0,11
2024-09-27T06:00:00.000Z,Pirkkola,OG92,OG92_Pirkkola,3,2,18
2024-09-27T07:00:00.000Z,Paloheinä,OG10,OG10_Paloheina_2,6,4,36
2024-09-27T07:00:00.000Z,Paloheinä,OG23,OG23_Paloheina_1,13,10,142
2024-09-27T07:00:00.000Z,Paloheinä,OG30,OG30_Paloheina_1,12,13,29
2024-09-27T07:00:00.000Z,Paloheinä,OG30,OG30_Paloheina_2,7,6,75
2024-09-27T07:00:00.000Z,Paloheinä,OG41,OG41_Paloheina_1,11,9,66
2024-09-27T07:00:00.000Z,Paloheinä,OG41,OG41_Paloheina_2,19,17,68
2024-09-27T07:00:00.000Z,Pirkkola,OG12,OG12_Pirkkola,7,5,65
2024-09-27T07:00:00.000Z,Pirkkola,OG23,OG23_Pirkkola,5,4,58
2024-09-27T07:00:00.000Z,Pirkkola,OG24,OG24_Pirkkola,19,11,171
2024-09-27T07:00:00.000Z,Pirkkola,OG26,OG26_Pirkkola,1,2,9
2024-09-27T07:00:00.000Z,Pirkkola,OG30,OG30_Pirkkola,12,18,37
2024-09-27T07:00:00.000Z,Pirkkola,OG41,OG41_Pirkkola,2,2,9
2024-09-27T07:00:00.000Z,Pirkkola,OG72,OG72_Pirkkola,6,4,40
2024-09-27T07:00:00.000Z,Pirkkola,OG92,OG92_Pirkkola,12,8,170
2024-09-27T08:00:00.000Z,Paloheinä,OG10,OG10_Paloheina_2,10,8,40
2024-09-27T08:00:00.000Z,Paloheinä,OG23,OG23_Paloheina_1,8,6,57
2024-09-27T08:00:00.000Z,Paloheinä,OG30,OG30_Paloheina_1,9,8,23
2024-09-27T08:00:00.000Z,Paloheinä,OG41,OG41_Paloheina_1,2,2,19
2024-09-27T08:00:00.000Z,Pirkkola,OG10,OG10_Pirkkola_2,6,4,17
2024-09-27T08:00:00.000Z,Pirkkola,OG12,OG12_Pirkkola,18,19,73
2024-09-27T08:00:00.000Z,Pirkkola,OG23,OG23_Pirkkola,5,5,93
2024-09-27T08:00:00.000Z,Pirkkola,OG24,OG24_Pirkkola,22,21,278
2024-09-27T08:00:00.000Z,Pirkkola,OG26,OG26_Pirkkola,3,4,40
2024-09-27T08:00:00.000Z,Pirkkola,OG30,OG30_Pirkkola,17,16,87
2024-09-27T08:00:00.000Z,Pirkkola,OG41,OG41_Pirkkola,5,5,18
2024-09-27T08:00:00.000Z,Pirkkola,OG72,OG72_Pirkkola,11,11,100
2024-09-27T08:00:00.000Z,Pirkkola,OG92,OG92_Pirkkola,7,6,52
2024-09-27T09:00:00.000Z,Paloheinä,OG23,OG23_Paloheina_1,5,5,15
2024-09-27T09:00:00.000Z,Paloheinä,OG30,OG30_Paloheina_1,18,20,67
2024-09-27T09:00:00.000Z,Paloheinä,OG30,OG30_Paloheina_2,4,4,13
2024-09-27T09:00:00.000Z,Paloheinä,OG41,OG41_Paloheina_1,11,10,61
2024-09-27T09:00:00.000Z,Pirkkola,OG10,OG10_Pirkkola_2,8,8,30
2024-09-27T09:00:00.000Z,Pirkkola,OG12,OG12_Pirkkola,9,8,58
2024-09-27T09:00:00.000Z,Pirkkola,OG23,OG23_Pirkkola,9,7,103
2024-09-27T09:00:00.000Z,Pirkkola,OG24,OG24_Pirkkola,20,14,204
2024-09-27T09:00:00.000Z,Pirkkola,OG30,OG30_Pirkkola,14,16,80
2024-09-27T09:00:00.000Z,Pirkkola,OG41,OG41_Pirkkola,5,5,14
2024-09-27T09:00:00.000Z,Pirkkola,OG72,OG72_Pirkkola,2,2,2
2024-09-27T09:00:00.000Z,Pirkkola,OG92,OG92_Pirkkola,6,6,101
2024-09-27T10:00:00.000Z,Paloheinä,OG10,OG10_Paloheina_2,14,10,65
2024-09-27T10:00:00.000Z,Paloheinä,OG23,OG23_Paloheina_1,9,7,22
2024-09-27T10:00:00.000Z,Paloheinä,OG30,OG30_Paloheina_1,1,2,1
2024-09-27T10:00:00.000Z,Paloheinä,OG30,OG30_Paloheina_2,17,14,106
2024-09-27T10:00:00.000Z,Paloheinä,OG41,OG41_Paloheina_1,5,5,19
2024-09-27T10:00:00.000Z,Paloheinä,OG41,OG41_Paloheina_2,8,7,24
2024-09-27T10:00:00.000Z,Pirkkola,OG10,OG10_Pirkkola_2,5,7,4
2024-09-27T10:00:00.000Z,Pirkkola,OG12,OG12_Pirkkola,15,12,75
2024-09-27T10:00:00.000Z,Pirkkola,OG23,OG23_Pirkkola,19,16,324
2024-09-27T10:00:00.000Z,Pirkkola,OG24,OG24_Pirkkola,18,15,192
2024-09-27T10:00:00.000Z,Pirkkola,OG26,OG26_Pirkkola,9,9,163
2024-09-27T10:00:00.000Z,Pirkkola,OG30,OG30_Pirkkola,14,12,37
2024-09-27T10:00:00.000Z,Pirkkola,OG41,OG41_Pirkkola,5,5,21
2024-09-27T10:00:00.000Z,Pirkkola,OG72,OG72_Pirkkola,14,11,89
2024-09-27T10:00:00.000Z,Pirkkola,OG92,OG92_Pirkkola,5,4,30
2024-09-27T11:00:00.000Z,Paloheinä,OG10,OG10_Paloheina_2,4,2,24
2024-09-27T11:00:00.000Z,Paloheinä,OG23,OG23_Paloheina_1,4,2,78
2024-09-27T11:00:00.000Z,Paloheinä,OG30,OG30_Paloheina_1,10,10,45
2024-09-27T11:00:00.000Z,Paloheinä,OG41,OG41_Paloheina_2,6,4,40
2024-09-27T11:00:00.000Z,Pirkkola,OG10,OG10_Pirkkola_2,1,1,0
2024-09-27T11:00:00.000Z,Pirkkola,OG12,OG12_Pirkkola,2,2,0
2024-09-27T11:00:00.000Z,Pirkkola,OG23,OG23_Pirkkola,1,1,0
2024-09-27T11:00:00.000Z,Pirkkola,OG24,OG24_Pirkkola,9,6,103
2024-09-27T11:00:00.000Z,Pirkkola,OG26,OG26_Pirkkola,4,3,70
2024-09-27T11:00:00.000Z,Pirkkola,OG30,OG30_Pirkkola,5,4,32
2024-09-27T11:00:00.000Z,Pirkkola,OG41,OG41_Pirkkola,6,6,35
2024-09-27T11:00:00.000Z,Pirkkola,OG72,OG72_Pirkkola,6,4,47
2024-09-27T11:00:00.000Z,Pirkkola,OG92,OG92_Pirkkola,3,4,101
2024-09-27T12:00:00.000Z,Paloheinä,OG10,OG10_Paloheina_2,11,10,52
2024-09-27T12:00:00.000Z,Paloheinä,OG23,OG23_Paloheina_1,16,12,148
2024-09-27T12:00:00.000Z,Paloheinä,OG30,OG30_Paloheina_1,17,13,77
2024-09-27T12:00:00.000Z,Paloheinä,OG30,OG30_Paloheina_2,12,12,71
2024-09-27T12:00:00.000Z,Paloheinä,OG41,OG41_Paloheina_1,16,12,55
2024-09-27T12:00:00.000Z,Paloheinä,OG41,OG41_Paloheina_2,9,8,47
2024-09-27T12:00:00.000Z,Pirkkola,OG12,OG12_Pirkkola,13,14,36
2024-09-27T12:00:00.000Z,Pirkkola,OG23,OG23_Pirkkola,1,1,0
2024-09-27T12:00:00.000Z,Pirkkola,OG24,OG24_Pirkkola,9,8,95
2024-09-27T12:00:00.000Z,Pirkkola,OG26,OG26_Pirkkola,6,6,42
2024-09-27T12:00:00.000Z,Pirkkola,OG30,OG30_Pirkkola,5,2,20
2024-09-27T12:00:00.000Z,Pirkkola,OG41,OG41_Pirkkola,7,4,17
2024-09-27T12:00:00.000Z,Pirkkola,OG72,OG72_Pirkkola,2,6,2
2024-09-27T12:00:00.000Z,Pirkkola,OG92,OG92_Pirkkola,4,4,1
2024-09-27T12:00:00.000Z,Pirkkola,OGFA24,OGFA24_Pirkkola,2,2,0
2024-09-27T13:00:00.000Z,Pirkkola,OG41,OG41_Pirkkola,6,5,37
2024-09-27T13:00:00.000Z,Pirkkola,OG72,OG72_Pirkkola,2,1,30
2024-09-27T14:00:00.000Z,Paloheinä,OG10,OG10_Paloheina_2,5,3,39
2024-09-27T14:00:00.000Z,Paloheinä,OG23,OG23_Paloheina_1,1,1,4
2024-09-27T14:00:00.000Z,Paloheinä,OG30,OG30_Paloheina_1,28,26,140
2024-09-27T14:00:00.000Z,Paloheinä,OG30,OG30_Paloheina_2,3,4,4
2024-09-27T14:00:00.000Z,Paloheinä,OG41,OG41_Paloheina_1,5,4,14
2024-09-27T14:00:00.000Z,Paloheinä,OG41,OG41_Paloheina_2,4,5,30
2024-09-27T14:00:00.000Z,Pirkkola,OG10,OG10_Pirkkola_2,19,16,74
2024-09-27T14:00:00.000Z,Pirkkola,OG23,OG23_Pirkkola,11,8,115
2024-09-27T14:00:00.000Z,Pirkkola,OG30,OG30_Pirkkola,15,12,84
2024-09-27T14:00:00.000Z,Pirkkola,OG41,OG41_Pirkkola,2,2,1
2024-09-27T14:00:00.000Z,Pirkkola,OG92,OG92_Pirkkola,13,11,217
2024-09-27T15:00:00.000Z,Paloheinä,OG10,OG10_Paloheina_2,1,3,1
2024-09-27T15:00:00.000Z,Paloheinä,OG23,OG23_Paloheina_1,1,1,0
2024-09-27T15:00:00.000Z,Paloheinä,OG30,OG30_Paloheina_2,9,8,47
2024-09-27T15:00:00.000Z,Paloheinä,OG41,OG41_Paloheina_1,4,4,26
2024-09-27T15:00:00.000Z,Pirkkola,OG24,OG24_Pirkkola,14,12,193
2024-09-27T15:00:00.000Z,Pirkkola,OG30,OG30_Pirkkola,12,15,91
2024-09-27T15:00:00.000Z,Pirkkola,OG41,OG41_Pirkkola,8,8,22
2024-09-27T15:00:00.000Z,Pirkkola,OG72,OG72_Pirkkola,12,11,108
2024-09-27T15:00:00.000Z,Pirkkola,OG92,OG92_Pirkkola,4,3,50
2024-09-27T15:00:00.000Z,Pirkkola,OGFA24,OGFA24_Pirkkola,2,1,9
2024-09-27T15:00:00.000Z,Pirkkola,OGFA41,OGFA41_Pirkkola,1,1,0
2024-09-27T16:00:00.000Z,Paloheinä,OG30,OG30_Paloheina_1,6,6,4
2024-09-27T16:00:00.000Z,Pirkkola,OG10,OG10_Pirkkola_2,3,3,6
2024-09-27T16:00:00.000Z,Pirkkola,OG23,OG23_Pirkkola,5,4,75
2024-09-27T16:00:00.000Z,Pirkkola,OG30,OG30_Pirkkola,5,5,12
2024-09-27T16:00:00.000Z,Pirkkola,OG41,OG41_Pirkkola,1,1,0
2024-09-27T16:00:00.000Z,Pirkkola,OG72,OG72_Pirkkola,5,4,48
2024-09-27T16:00:00.000Z,Pirkkola,OGFA24,OGFA24_Pirkkola,3,4,46
2024-09-27T17:00:00.000Z,Paloheinä,OG23,OG23_Paloheina_1,12,13,83
2024-09-27T17:00:00.000Z,Paloheinä,OG30,OG30_Paloheina_1,5,8,7
2024-09-27T17:00:00.000Z,Pirkkola,OG12,OG12_Pirkkola,9,10,12
2024-09-27T17:00:00.000Z,Pirkkola,OG24,OG24_Pirkkola,13,10,154
2024-09-27T17:00:00.000Z,Pirkkola,OG41,OG41_Pirkkola,1,1,0
2024-09-27T17:00:00.000Z,Pirkkola,OG72,OG72_Pirkkola,6,6,96
2024-09-27T18:00:00.000Z,Paloheinä,OG30,OG30_Paloheina_1,1,1,0
2024-09-27T18:00:00.000Z,Paloheinä,OG30,OG30_Paloheina_2,1,1,0
2024-09-27T18:00:00.000Z,Pirkkola,OG12,OG12_Pirkkola,19,26,15
2024-09-27T18:00:00.000Z,Pirkkola,OG23,OG23_Pirkkola,1,1,0
2024-09-27T18:00:00.000Z,Pirkkola,OG30,OG30_Pirkkola,1,1,0
2024-09-27T18:00:00.000Z,Pirkkola,OG41,OG41_Pirkkola,1,1,0
2024-09-27T18:00:00.000Z,Pirkkola,OG72,OG72_Pirkkola,2,2,0
2024-09-27T18:00:00.000Z,Pirkkola,OGFA24,OGFA24_Pirkkola,1,1,0
2024-09-27T19:00:00.000Z,Paloheinä,OG23,OG23_Paloheina_1,1,1,0
2024-09-27T19:00:00.000Z,Paloheinä,OG41,OG41_Paloheina_2,1,1,0
2024-09-27T19:00:00.000Z,Pirkkola,OG12,OG12_Pirkkola,18,22,6
2024-09-27T19:00:00.000Z,Pirkkola,OG23,OG23_Pirkkola,1,1,0
2024-09-27T19:00:00.000Z,Pirkkola,OG26,OG26_Pirkkola,1,1,0
2024-09-27T20:00:00.000Z,Paloheinä,OG41,OG41_Paloheina_1,2,2,4
2024-09-27T20:00:00.000Z,Pirkkola,OG12,OG12_Pirkkola,3,3,1
2024-09-27T20:00:00.000Z,Pirkkola,OG23,OG23_Pirkkola,1,1,0
2024-09-27T20:00:00.000Z,Pirkkola,OG41,OG41_Pirkkola,2,2,0
2024-09-27T21:00:00.000Z,Paloheinä,OG10,OG10_Paloheina_2,1,1,0
2024-09-27T21:00:00.000Z,Paloheinä,OG23,OG23_Paloheina_1,3,4,0
2024-09-27T21:00:00.000Z,Paloheinä,OG30,OG30_Paloheina_1,2,2,3
2024-09-27T21:00:00.000Z,Paloheinä,OG41,OG41_Paloheina_1,2,2,1
2024-09-27T21:00:00.000Z,Pirkkola,OG10,OG10_Pirkkola_2,1,1,0
2024-09-27T21:00:00.000Z,Pirkkola,OG12,OG12_Pirkkola,7,5,17
2024-09-27T21:00:00.000Z,Pirkkola,OG23,OG23_Pirkkola,2,1,0
2024-09-27T21:00:00.000Z,Pirkkola,OG26,OG26_Pirkkola,1,2,0
2024-09-27T21:00:00.000Z,Pirkkola,OG30,OG30_Pirkkola,1,2,0
2024-09-27T21:00:00.000Z,Pirkkola,OG41,OG41_Pirkkola,2,3,3
2024-09-27T21:00:00.000Z,Pirkkola,OG72,OG72_Pirkkola,1,3,0
2024-09-27T21:00:00.000Z,Pirkkola,OG92,OG92_Pirkkola,2,1,2
2024-09-27T21:00:00.000Z,Pirkkola,OGFA24,OGFA24_Pirkkola,1,1,0
2024-09-27T21:00:00.000Z,Pirkkola,OGFA41,OGFA41_Pirkkola,2,2,0
2024-09-27T22:00:00.000Z,Pirkkola,OG12,OG12_Pirkkola,1,1,0
2024-09-27T23:00:00.000Z,Paloheinä,OG23,OG23_Paloheina_1,1,1,0
2024-09-27T23:00:00.000Z,Pirkkola,OG23,OG23_Pirkkola,1,1,0
2024-09-27T23:00:00.000Z,Pirkkola,OG41,OG41_Pirkkola,1,1,0
2024-09-28T00:00:00.000Z,Pirkkola,OG23,OG23_Pirkkola,3,3,1
2024-09-28T01:00:00.000Z,Paloheinä,OG10,OG10_Paloheina_2,1,1,0
2024-09-28T01:00:00.000Z,Pirkkola,OG12,OG12_Pirkkola,1,1,0
2024-09-28T02:00:00.000Z,Pirkkola,OG12,OG12_Pirkkola,1,1,0
2024-09-28T02:00:00.000Z,Pirkkola,OG30,OG30_Pirkkola,1,1,0
2024-09-28T03:00:00.000Z,Pirkkola,OGFA41,OGFA41_Pirkkola,1,1,0
2024-09-28T04:00:00.000Z,Paloheinä,OG23,OG23_Paloheina_1,1,1,0
2024-09-28T04:00:00.000Z,Pirkkola,OG12,OG12_Pirkkola,6,4,24
2024-09-28T04:00:00.000Z,Pirkkola,OG24,OG24_Pirkkola,4,3,32
