utcdate,area,groupId,trackableId,usageMinutes,sets,repetitions
2024-05-01T00:00:00.000Z,Hietaniemi,OG10,OG10_Hietaniemi_1,221,165,2297
2024-05-01T00:00:00.000Z,Hietaniemi,OG10,OG10_Hietaniemi_2,173,152,779
2024-05-01T00:00:00.000Z,Hietaniemi,OG23,OG23_Hietaniemi_1,173,130,2678
2024-05-01T00:00:00.000Z,Hietaniemi,OG24,OG24_Hietaniemi_1,303,213,5060
2024-05-01T00:00:00.000Z,Hietaniemi,OG30,OG30_Hietaniemi_1,212,193,921
2024-05-01T00:00:00.000Z,Hietaniemi,OG30,OG30_Hietaniemi_2,231,229,1312
2024-05-01T00:00:00.000Z,Hietaniemi,OG31,OG31_Hietaniemi_1,314,265,1850
2024-05-01T00:00:00.000Z,Hietaniemi,OG41,OG41_Hietaniemi_1,275,220,1729
2024-05-01T00:00:00.000Z,Hietaniemi,OG70,OG70_Hietaniemi_1,107,85,983
2024-05-01T00:00:00.000Z,Hietaniemi,OG72,OG72_Hietaniemi_1,190,158,1775
2024-05-01T00:00:00.000Z,Hietaniemi,OG80,OG80_Hietaniemi_1,190,139,2524
2024-05-01T00:00:00.000Z,Hietaniemi,OG82,og82_Hietaniemi,128,108,1183
2024-05-01T00:00:00.000Z,Paloheinä,OG10,OG10_Paloheina_1,201,164,1173
2024-05-01T00:00:00.000Z,Paloheinä,OG10,OG10_Paloheina_2,160,149,792
2024-05-01T00:00:00.000Z,Paloheinä,OG23,OG23_Paloheina_1,196,155,2228
2024-05-01T00:00:00.000Z,Paloheinä,OG23,OG23_Paloheina_2,189,141,2253
2024-05-01T00:00:00.000Z,Paloheinä,OG30,OG30_Paloheina_1,298,312,1097
2024-05-01T00:00:00.000Z,Paloheinä,OG30,OG30_Paloheina_2,260,253,1110
2024-05-01T00:00:00.000Z,Paloheinä,OG41,OG41_Paloheina_1,206,189,964
2024-05-01T00:00:00.000Z,Paloheinä,OG41,OG41_Paloheina_2,146,129,620
2024-05-01T00:00:00.000Z,Pirkkola,OG10,OG10_Pirkkola_1,243,240,983
2024-05-01T00:00:00.000Z,Pirkkola,OG10,OG10_Pirkkola_2,129,119,753
2024-05-01T00:00:00.000Z,Pirkkola,OG12,OG12_Pirkkola,202,189,810
2024-05-01T00:00:00.000Z,Pirkkola,OG14,CL14_Pirkkola,300,235,3737
2024-05-01T00:00:00.000Z,Pirkkola,OG22,OG22_Pirkkola,165,152,1793
2024-05-01T00:00:00.000Z,Pirkkola,OG23,OG23_Pirkkola,218,166,3170
2024-05-01T00:00:00.000Z,Pirkkola,OG24,OG24_Pirkkola,360,273,4728
2024-05-01T00:00:00.000Z,Pirkkola,OG26,OG26_Pirkkola,145,92,3061
2024-05-01T00:00:00.000Z,Pirkkola,OG30,OG30_Pirkkola,346,332,1752
2024-05-01T00:00:00.000Z,Pirkkola,OG41,OG41_Pirkkola,276,243,1226
2024-05-01T00:00:00.000Z,Pirkkola,OG72,OG72_Pirkkola,274,221,2787
2024-05-01T00:00:00.000Z,Pirkkola,OG82,OG82_Pirkkola,198,147,2547
2024-05-01T00:00:00.000Z,Pirkkola,OG85,OG85_Pirkkola,156,128,1334
2024-05-01T00:00:00.000Z,Pirkkola,OG92,OG92_Pirkkola,262,207,3844
2024-05-01T00:00:00.000Z,Pirkkola,OGFA24,OGFA24_Pirkkola,15,11,104
2024-05-01T00:00:00.000Z,Pirkkola,OGFA41,OGFA41_Pirkkola,37,33,92
2024-05-02T00:00:00.000Z,Hietaniemi,OG10,OG10_Hietaniemi_1,272,209,2480
2024-05-02T00:00:00.000Z,Hietaniemi,OG10,OG10_Hietaniemi_2,267,240,1309
2024-05-02T00:00:00.000Z,Hietaniemi,OG23,OG23_Hietaniemi_1,248,194,3990
2024-05-02T00:00:00.000Z,Hietaniemi,OG24,OG24_Hietaniemi_1,352,241,6054
2024-05-02T00:00:00.000Z,Hietaniemi,OG30,OG30_Hietaniemi_1,309,290,1715
2024-05-02T00:00:00.000Z,Hietaniemi,OG30,OG30_Hietaniemi_2,308,304,1345
2024-05-02T00:00:00.000Z,Hietaniemi,OG31,OG31_Hietaniemi_1,349,309,2133
2024-05-02T00:00:00.000Z,Hietaniemi,OG41,OG41_Hietaniemi_1,346,305,2183
2024-05-02T00:00:00.000Z,Hietaniemi,OG70,OG70_Hietaniemi_1,204,170,2031
2024-05-02T00:00:00.000Z,Hietaniemi,OG72,OG72_Hietaniemi_1,235,194,2568
2024-05-02T00:00:00.000Z,Hietaniemi,OG80,OG80_Hietaniemi_1,264,188,4745
2024-05-02T00:00:00.000Z,Hietaniemi,OG82,og82_Hietaniemi,142,113,1765
2024-05-02T00:00:00.000Z,Paloheinä,OG10,OG10_Paloheina_1,141,122,725
2024-05-02T00:00:00.000Z,Paloheinä,OG10,OG10_Paloheina_2,141,121,508
2024-05-02T00:00:00.000Z,Paloheinä,OG23,OG23_Paloheina_1,149,119,1494
2024-05-02T00:00:00.000Z,Paloheinä,OG23,OG23_Paloheina_2,184,142,2049
2024-05-02T00:00:00.000Z,Paloheinä,OG30,OG30_Paloheina_1,280,296,1047
2024-05-02T00:00:00.000Z,Paloheinä,OG30,OG30_Paloheina_2,211,214,866
2024-05-02T00:00:00.000Z,Paloheinä,OG41,OG41_Paloheina_1,211,208,963
2024-05-02T00:00:00.000Z,Paloheinä,OG41,OG41_Paloheina_2,122,108,567
2024-05-02T00:00:00.000Z,Pirkkola,OG10,OG10_Pirkkola_1,192,188,781
2024-05-02T00:00:00.000Z,Pirkkola,OG10,OG10_Pirkkola_2,195,182,917
2024-05-02T00:00:00.000Z,Pirkkola,OG12,OG12_Pirkkola,211,177,1089
2024-05-02T00:00:00.000Z,Pirkkola,OG14,CL14_Pirkkola,334,258,3781
2024-05-02T00:00:00.000Z,Pirkkola,OG22,OG22_Pirkkola,167,137,2029
2024-05-02T00:00:00.000Z,Pirkkola,OG23,OG23_Pirkkola,254,208,4222
2024-05-02T00:00:00.000Z,Pirkkola,OG24,OG24_Pirkkola,364,260,4814
2024-05-02T00:00:00.000Z,Pirkkola,OG26,OG26_Pirkkola,138,103,2360
2024-05-02T00:00:00.000Z,Pirkkola,OG30,OG30_Pirkkola,299,287,1240
2024-05-02T00:00:00.000Z,Pirkkola,OG41,OG41_Pirkkola,244,224,1125
2024-05-02T00:00:00.000Z,Pirkkola,OG72,OG72_Pirkkola,270,224,2247
2024-05-02T00:00:00.000Z,Pirkkola,OG82,OG82_Pirkkola,157,110,1719
2024-05-02T00:00:00.000Z,Pirkkola,OG85,OG85_Pirkkola,158,138,1218
2024-05-02T00:00:00.000Z,Pirkkola,OG92,OG92_Pirkkola,305,256,4390
2024-05-02T00:00:00.000Z,Pirkkola,OGFA24,OGFA24_Pirkkola,11,9,42
2024-05-02T00:00:00.000Z,Pirkkola,OGFA41,OGFA41_Pirkkola,36,34,167
2024-05-03T00:00:00.000Z,Hietaniemi,OG10,OG10_Hietaniemi_1,257,220,1642
2024-05-03T00:00:00.000Z,Hietaniemi,OG10,OG10_Hietaniemi_2,200,186,874
2024-05-03T00:00:00.000Z,Hietaniemi,OG23,OG23_Hietaniemi_1,322,261,4777
2024-05-03T00:00:00.000Z,Hietaniemi,OG24,OG24_Hietaniemi_1,382,300,6649
2024-05-03T00:00:00.000Z,Hietaniemi,OG30,OG30_Hietaniemi_1,304,281,1417
2024-05-03T00:00:00.000Z,Hietaniemi,OG30,OG30_Hietaniemi_2,229,244,930
2024-05-03T00:00:00.000Z,Hietaniemi,OG31,OG31_Hietaniemi_1,352,330,1894
2024-05-03T00:00:00.000Z,Hietaniemi,OG41,OG41_Hietaniemi_1,284,258,2014
2024-05-03T00:00:00.000Z,Hietaniemi,OG70,OG70_Hietaniemi_1,195,157,1850
2024-05-03T00:00:00.000Z,Hietaniemi,OG72,OG72_Hietaniemi_1,250,232,2743
2024-05-03T00:00:00.000Z,Hietaniemi,OG80,OG80_Hietaniemi_1,270,209,4367
2024-05-03T00:00:00.000Z,Hietaniemi,OG82,og82_Hietaniemi,206,180,2240
2024-05-03T00:00:00.000Z,Paloheinä,OG10,OG10_Paloheina_1,175,154,975
2024-05-03T00:00:00.000Z,Paloheinä,OG10,OG10_Paloheina_2,120,104,532
2024-05-03T00:00:00.000Z,Paloheinä,OG23,OG23_Paloheina_1,221,178,2738
2024-05-03T00:00:00.000Z,Paloheinä,OG23,OG23_Paloheina_2,168,146,2235
2024-05-03T00:00:00.000Z,Paloheinä,OG30,OG30_Paloheina_1,256,264,945
2024-05-03T00:00:00.000Z,Paloheinä,OG30,OG30_Paloheina_2,226,222,1083
2024-05-03T00:00:00.000Z,Paloheinä,OG41,OG41_Paloheina_1,210,180,983
2024-05-03T00:00:00.000Z,Paloheinä,OG41,OG41_Paloheina_2,138,129,635
2024-05-03T00:00:00.000Z,Pirkkola,OG10,OG10_Pirkkola_1,192,155,879
2024-05-03T00:00:00.000Z,Pirkkola,OG10,OG10_Pirkkola_2,139,118,732
2024-05-03T00:00:00.000Z,Pirkkola,OG12,OG12_Pirkkola,238,236,968
2024-05-03T00:00:00.000Z,Pirkkola,OG14,CL14_Pirkkola,310,240,3486
2024-05-03T00:00:00.000Z,Pirkkola,OG22,OG22_Pirkkola,160,135,1916
2024-05-03T00:00:00.000Z,Pirkkola,OG23,OG23_Pirkkola,232,190,3499
2024-05-03T00:00:00.000Z,Pirkkola,OG24,OG24_Pirkkola,368,282,4799
2024-05-03T00:00:00.000Z,Pirkkola,OG26,OG26_Pirkkola,131,103,2892
2024-05-03T00:00:00.000Z,Pirkkola,OG30,OG30_Pirkkola,257,236,1223
2024-05-03T00:00:00.000Z,Pirkkola,OG41,OG41_Pirkkola,175,170,682
2024-05-03T00:00:00.000Z,Pirkkola,OG72,OG72_Pirkkola,231,192,2018
2024-05-03T00:00:00.000Z,Pirkkola,OG82,OG82_Pirkkola,181,135,1916
2024-05-03T00:00:00.000Z,Pirkkola,OG85,OG85_Pirkkola,137,114,1088
2024-05-03T00:00:00.000Z,Pirkkola,OG92,OG92_Pirkkola,233,176,3344
2024-05-03T00:00:00.000Z,Pirkkola,OGFA24,OGFA24_Pirkkola,11,8,83
2024-05-03T00:00:00.000Z,Pirkkola,OGFA41,OGFA41_Pirkkola,29,29,114
2024-05-04T00:00:00.000Z,Hietaniemi,OG10,OG10_Hietaniemi_1,322,254,2983
2024-05-04T00:00:00.000Z,Hietaniemi,OG10,OG10_Hietaniemi_2,245,206,1464
2024-05-04T00:00:00.000Z,Hietaniemi,OG23,OG23_Hietaniemi_1,381,308,5351
2024-05-04T00:00:00.000Z,Hietaniemi,OG24,OG24_Hietaniemi_1,449,335,8022
2024-05-04T00:00:00.000Z,Hietaniemi,OG30,OG30_Hietaniemi_1,350,359,1536
2024-05-04T00:00:00.000Z,Hietaniemi,OG30,OG30_Hietaniemi_2,418,415,2138
2024-05-04T00:00:00.000Z,Hietaniemi,OG31,OG31_Hietaniemi_1,422,387,2392
2024-05-04T00:00:00.000Z,Hietaniemi,OG41,OG41_Hietaniemi_1,383,332,2912
2024-05-04T00:00:00.000Z,Hietaniemi,OG70,OG70_Hietaniemi_1,317,225,3323
2024-05-04T00:00:00.000Z,Hietaniemi,OG72,OG72_Hietaniemi_1,308,237,3516
2024-05-04T00:00:00.000Z,Hietaniemi,OG80,OG80_Hietaniemi_1,327,229,6152
2024-05-04T00:00:00.000Z,Hietaniemi,OG82,og82_Hietaniemi,166,119,2198
2024-05-04T00:00:00.000Z,Paloheinä,OG10,OG10_Paloheina_1,218,192,1433
2024-05-04T00:00:00.000Z,Paloheinä,OG10,OG10_Paloheina_2,201,168,909
2024-05-04T00:00:00.000Z,Paloheinä,OG23,OG23_Paloheina_1,203,158,2446
2024-05-04T00:00:00.000Z,Paloheinä,OG23,OG23_Paloheina_2,220,182,2650
2024-05-04T00:00:00.000Z,Paloheinä,OG30,OG30_Paloheina_1,288,325,985
2024-05-04T00:00:00.000Z,Paloheinä,OG30,OG30_Paloheina_2,293,283,1431
2024-05-04T00:00:00.000Z,Paloheinä,OG41,OG41_Paloheina_1,249,247,1127
2024-05-04T00:00:00.000Z,Paloheinä,OG41,OG41_Paloheina_2,219,191,931
2024-05-04T00:00:00.000Z,Pirkkola,OG10,OG10_Pirkkola_1,220,210,1082
2024-05-04T00:00:00.000Z,Pirkkola,OG10,OG10_Pirkkola_2,241,192,1221
2024-05-04T00:00:00.000Z,Pirkkola,OG12,OG12_Pirkkola,235,225,1218
2024-05-04T00:00:00.000Z,Pirkkola,OG14,CL14_Pirkkola,376,311,4083
2024-05-04T00:00:00.000Z,Pirkkola,OG22,OG22_Pirkkola,200,170,2913
2024-05-04T00:00:00.000Z,Pirkkola,OG23,OG23_Pirkkola,239,199,3269
2024-05-04T00:00:00.000Z,Pirkkola,OG24,OG24_Pirkkola,381,290,5320
2024-05-04T00:00:00.000Z,Pirkkola,OG26,OG26_Pirkkola,165,116,3180
2024-05-04T00:00:00.000Z,Pirkkola,OG30,OG30_Pirkkola,293,282,1362
2024-05-04T00:00:00.000Z,Pirkkola,OG41,OG41_Pirkkola,199,194,819
2024-05-04T00:00:00.000Z,Pirkkola,OG72,OG72_Pirkkola,277,219,2594
2024-05-04T00:00:00.000Z,Pirkkola,OG82,OG82_Pirkkola,186,134,2334
2024-05-04T00:00:00.000Z,Pirkkola,OG85,OG85_Pirkkola,113,98,851
2024-05-04T00:00:00.000Z,Pirkkola,OG92,OG92_Pirkkola,333,273,4844
2024-05-04T00:00:00.000Z,Pirkkola,OGFA24,OGFA24_Pirkkola,19,20,133
2024-05-04T00:00:00.000Z,Pirkkola,OGFA41,OGFA41_Pirkkola,25,25,73
2024-05-05T00:00:00.000Z,Hietaniemi,OG10,OG10_Hietaniemi_1,367,282,3455
2024-05-05T00:00:00.000Z,Hietaniemi,OG10,OG10_Hietaniemi_2,306,261,1729
2024-05-05T00:00:00.000Z,Hietaniemi,OG23,OG23_Hietaniemi_1,352,280,4520
2024-05-05T00:00:00.000Z,Hietaniemi,OG24,OG24_Hietaniemi_1,426,319,7467
2024-05-05T00:00:00.000Z,Hietaniemi,OG30,OG30_Hietaniemi_1,303,291,1275
2024-05-05T00:00:00.000Z,Hietaniemi,OG30,OG30_Hietaniemi_2,322,330,1479
2024-05-05T00:00:00.000Z,Hietaniemi,OG31,OG31_Hietaniemi_1,361,331,1952
2024-05-05T00:00:00.000Z,Hietaniemi,OG41,OG41_Hietaniemi_1,270,224,1767
2024-05-05T00:00:00.000Z,Hietaniemi,OG70,OG70_Hietaniemi_1,218,168,1918
2024-05-05T00:00:00.000Z,Hietaniemi,OG72,OG72_Hietaniemi_1,263,236,2858
2024-05-05T00:00:00.000Z,Hietaniemi,OG80,OG80_Hietaniemi_1,265,212,4435
2024-05-05T00:00:00.000Z,Hietaniemi,OG82,og82_Hietaniemi,188,151,2369
2024-05-05T00:00:00.000Z,Paloheinä,OG10,OG10_Paloheina_1,169,142,1010
2024-05-05T00:00:00.000Z,Paloheinä,OG10,OG10_Paloheina_2,181,170,815
2024-05-05T00:00:00.000Z,Paloheinä,OG23,OG23_Paloheina_1,202,163,2282
2024-05-05T00:00:00.000Z,Paloheinä,OG23,OG23_Paloheina_2,224,179,2691
2024-05-05T00:00:00.000Z,Paloheinä,OG30,OG30_Paloheina_1,255,258,980
2024-05-05T00:00:00.000Z,Paloheinä,OG30,OG30_Paloheina_2,231,235,1042
2024-05-05T00:00:00.000Z,Paloheinä,OG41,OG41_Paloheina_1,189,165,979
2024-05-05T00:00:00.000Z,Paloheinä,OG41,OG41_Paloheina_2,214,190,992
2024-05-05T00:00:00.000Z,Pirkkola,OG10,OG10_Pirkkola_1,206,185,994
2024-05-05T00:00:00.000Z,Pirkkola,OG10,OG10_Pirkkola_2,209,178,1025
2024-05-05T00:00:00.000Z,Pirkkola,OG12,OG12_Pirkkola,316,294,1641
2024-05-05T00:00:00.000Z,Pirkkola,OG14,CL14_Pirkkola,350,260,3332
2024-05-05T00:00:00.000Z,Pirkkola,OG22,OG22_Pirkkola,180,150,2785
2024-05-05T00:00:00.000Z,Pirkkola,OG23,OG23_Pirkkola,256,222,3797
2024-05-05T00:00:00.000Z,Pirkkola,OG24,OG24_Pirkkola,382,280,5350
2024-05-05T00:00:00.000Z,Pirkkola,OG26,OG26_Pirkkola,167,119,3613
2024-05-05T00:00:00.000Z,Pirkkola,OG30,OG30_Pirkkola,377,399,1766
2024-05-05T00:00:00.000Z,Pirkkola,OG41,OG41_Pirkkola,227,206,1195
2024-05-05T00:00:00.000Z,Pirkkola,OG72,OG72_Pirkkola,339,287,3099
2024-05-05T00:00:00.000Z,Pirkkola,OG82,OG82_Pirkkola,239,165,3086
2024-05-05T00:00:00.000Z,Pirkkola,OG85,OG85_Pirkkola,160,131,1272
2024-05-05T00:00:00.000Z,Pirkkola,OG92,OG92_Pirkkola,347,289,5331
2024-05-05T00:00:00.000Z,Pirkkola,OGFA24,OGFA24_Pirkkola,33,35,112
2024-05-05T00:00:00.000Z,Pirkkola,OGFA41,OGFA41_Pirkkola,67,55,340
2024-05-06T00:00:00.000Z,Hietaniemi,OG10,OG10_Hietaniemi_1,208,165,1621
2024-05-06T00:00:00.000Z,Hietaniemi,OG10,OG10_Hietaniemi_2,232,198,1253
2024-05-06T00:00:00.000Z,Hietaniemi,OG23,OG23_Hietaniemi_1,248,202,3677
2024-05-06T00:00:00.000Z,Hietaniemi,OG24,OG24_Hietaniemi_1,336,247,6554
2024-05-06T00:00:00.000Z,Hietaniemi,OG30,OG30_Hietaniemi_1,227,224,815
2024-05-06T00:00:00.000Z,Hietaniemi,OG30,OG30_Hietaniemi_2,211,204,793
2024-05-06T00:00:00.000Z,Hietaniemi,OG31,OG31_Hietaniemi_1,287,262,1601
2024-05-06T00:00:00.000Z,Hietaniemi,OG41,OG41_Hietaniemi_1,289,252,1717
2024-05-06T00:00:00.000Z,Hietaniemi,OG70,OG70_Hietaniemi_1,128,101,1217
2024-05-06T00:00:00.000Z,Hietaniemi,OG72,OG72_Hietaniemi_1,98,73,1012
2024-05-06T00:00:00.000Z,Hietaniemi,OG80,OG80_Hietaniemi_1,214,161,3789
2024-05-06T00:00:00.000Z,Hietaniemi,OG82,og82_Hietaniemi,66,50,629
2024-05-06T00:00:00.000Z,Paloheinä,OG10,OG10_Paloheina_1,156,131,960
2024-05-06T00:00:00.000Z,Paloheinä,OG10,OG10_Paloheina_2,116,102,545
2024-05-06T00:00:00.000Z,Paloheinä,OG23,OG23_Paloheina_1,132,103,1688
2024-05-06T00:00:00.000Z,Paloheinä,OG23,OG23_Paloheina_2,162,126,2040
2024-05-06T00:00:00.000Z,Paloheinä,OG30,OG30_Paloheina_1,274,279,962
2024-05-06T00:00:00.000Z,Paloheinä,OG30,OG30_Paloheina_2,191,195,879
2024-05-06T00:00:00.000Z,Paloheinä,OG41,OG41_Paloheina_1,195,175,962
2024-05-06T00:00:00.000Z,Paloheinä,OG41,OG41_Paloheina_2,134,120,611
2024-05-06T00:00:00.000Z,Pirkkola,OG10,OG10_Pirkkola_1,171,162,703
2024-05-06T00:00:00.000Z,Pirkkola,OG10,OG10_Pirkkola_2,128,127,644
2024-05-06T00:00:00.000Z,Pirkkola,OG12,OG12_Pirkkola,177,168,772
2024-05-06T00:00:00.000Z,Pirkkola,OG14,CL14_Pirkkola,225,190,2514
2024-05-06T00:00:00.000Z,Pirkkola,OG22,OG22_Pirkkola,113,95,1300
2024-05-06T00:00:00.000Z,Pirkkola,OG23,OG23_Pirkkola,213,158,3306
2024-05-06T00:00:00.000Z,Pirkkola,OG24,OG24_Pirkkola,338,236,4341
2024-05-06T00:00:00.000Z,Pirkkola,OG26,OG26_Pirkkola,112,90,2091
2024-05-06T00:00:00.000Z,Pirkkola,OG30,OG30_Pirkkola,317,290,1347
2024-05-06T00:00:00.000Z,Pirkkola,OG41,OG41_Pirkkola,207,181,792
2024-05-06T00:00:00.000Z,Pirkkola,OG72,OG72_Pirkkola,170,142,1796
2024-05-06T00:00:00.000Z,Pirkkola,OG82,OG82_Pirkkola,166,135,1922
2024-05-06T00:00:00.000Z,Pirkkola,OG85,OG85_Pirkkola,118,96,1070
2024-05-06T00:00:00.000Z,Pirkkola,OG92,OG92_Pirkkola,239,196,3400
2024-05-06T00:00:00.000Z,Pirkkola,OGFA24,OGFA24_Pirkkola,19,18,115
2024-05-06T00:00:00.000Z,Pirkkola,OGFA41,OGFA41_Pirkkola,23,24,135
2024-05-07T00:00:00.000Z,Hietaniemi,OG10,OG10_Hietaniemi_1,144,117,982
2024-05-07T00:00:00.000Z,Hietaniemi,OG10,OG10_Hietaniemi_2,151,124,700
2024-05-07T00:00:00.000Z,Hietaniemi,OG23,OG23_Hietaniemi_1,189,145,2849
2024-05-07T00:00:00.000Z,Hietaniemi,OG24,OG24_Hietaniemi_1,258,188,4867
2024-05-07T00:00:00.000Z,Hietaniemi,OG30,OG30_Hietaniemi_1,153,143,601
2024-05-07T00:00:00.000Z,Hietaniemi,OG30,OG30_Hietaniemi_2,153,153,602
2024-05-07T00:00:00.000Z,Hietaniemi,OG31,OG31_Hietaniemi_1,211,194,1065
2024-05-07T00:00:00.000Z,Hietaniemi,OG41,OG41_Hietaniemi_1,216,199,1096
2024-05-07T00:00:00.000Z,Hietaniemi,OG70,OG70_Hietaniemi_1,93,79,727
2024-05-07T00:00:00.000Z,Hietaniemi,OG72,OG72_Hietaniemi_1,145,111,1456
2024-05-07T00:00:00.000Z,Hietaniemi,OG80,OG80_Hietaniemi_1,120,88,1978
2024-05-07T00:00:00.000Z,Hietaniemi,OG82,og82_Hietaniemi,75,56,889
2024-05-07T00:00:00.000Z,Paloheinä,OG10,OG10_Paloheina_1,153,126,876
2024-05-07T00:00:00.000Z,Paloheinä,OG10,OG10_Paloheina_2,78,70,343
2024-05-07T00:00:00.000Z,Paloheinä,OG23,OG23_Paloheina_1,157,126,1584
2024-05-07T00:00:00.000Z,Paloheinä,OG23,OG23_Paloheina_2,167,127,2080
2024-05-07T00:00:00.000Z,Paloheinä,OG30,OG30_Paloheina_1,230,235,661
2024-05-07T00:00:00.000Z,Paloheinä,OG30,OG30_Paloheina_2,176,178,736
2024-05-07T00:00:00.000Z,Paloheinä,OG41,OG41_Paloheina_1,141,122,666
2024-05-07T00:00:00.000Z,Paloheinä,OG41,OG41_Paloheina_2,138,122,671
2024-05-07T00:00:00.000Z,Pirkkola,OG10,OG10_Pirkkola_1,226,212,957
2024-05-07T00:00:00.000Z,Pirkkola,OG10,OG10_Pirkkola_2,149,144,646
2024-05-07T00:00:00.000Z,Pirkkola,OG12,OG12_Pirkkola,231,207,1190
2024-05-07T00:00:00.000Z,Pirkkola,OG14,CL14_Pirkkola,267,208,2715
2024-05-07T00:00:00.000Z,Pirkkola,OG22,OG22_Pirkkola,187,145,2720
2024-05-07T00:00:00.000Z,Pirkkola,OG23,OG23_Pirkkola,260,228,3726
2024-05-07T00:00:00.000Z,Pirkkola,OG24,OG24_Pirkkola,395,302,5584
2024-05-07T00:00:00.000Z,Pirkkola,OG26,OG26_Pirkkola,162,131,3249
2024-05-07T00:00:00.000Z,Pirkkola,OG30,OG30_Pirkkola,345,313,1625
2024-05-07T00:00:00.000Z,Pirkkola,OG41,OG41_Pirkkola,228,210,1106
2024-05-07T00:00:00.000Z,Pirkkola,OG72,OG72_Pirkkola,285,234,2649
2024-05-07T00:00:00.000Z,Pirkkola,OG82,OG82_Pirkkola,232,185,2956
2024-05-07T00:00:00.000Z,Pirkkola,OG85,OG85_Pirkkola,160,131,1370
2024-05-07T00:00:00.000Z,Pirkkola,OG92,OG92_Pirkkola,346,279,4733
2024-05-07T00:00:00.000Z,Pirkkola,OGFA24,OGFA24_Pirkkola,27,22,244
2024-05-07T00:00:00.000Z,Pirkkola,OGFA41,OGFA41_Pirkkola,54,46,306
2024-05-08T00:00:00.000Z,Hietaniemi,OG10,OG10_Hietaniemi_1,127,94,988
2024-05-08T00:00:00.000Z,Hietaniemi,OG10,OG10_Hietaniemi_2,95,86,449
2024-05-08T00:00:00.000Z,Hietaniemi,OG23,OG23_Hietaniemi_1,158,135,2159
2024-05-08T00:00:00.000Z,Hietaniemi,OG24,OG24_Hietaniemi_1,218,179,3670
2024-05-08T00:00:00.000Z,Hietaniemi,OG30,OG30_Hietaniemi_1,155,152,470
2024-05-08T00:00:00.000Z,Hietaniemi,OG30,OG30_Hietaniemi_2,159,159,686
2024-05-08T00:00:00.000Z,Hietaniemi,OG31,OG31_Hietaniemi_1,229,219,1228
2024-05-08T00:00:00.000Z,Hietaniemi,OG41,OG41_Hietaniemi_1,205,177,1060
2024-05-08T00:00:00.000Z,Hietaniemi,OG70,OG70_Hietaniemi_1,129,102,1062
2024-05-08T00:00:00.000Z,Hietaniemi,OG72,OG72_Hietaniemi_1,170,144,1689
2024-05-08T00:00:00.000Z,Hietaniemi,OG80,OG80_Hietaniemi_1,168,128,2528
2024-05-08T00:00:00.000Z,Hietaniemi,OG82,og82_Hietaniemi,86,66,739
2024-05-08T00:00:00.000Z,Paloheinä,OG10,OG10_Paloheina_1,142,130,852
2024-05-08T00:00:00.000Z,Paloheinä,OG10,OG10_Paloheina_2,136,126,561
2024-05-08T00:00:00.000Z,Paloheinä,OG23,OG23_Paloheina_1,129,105,1466
2024-05-08T00:00:00.000Z,Paloheinä,OG23,OG23_Paloheina_2,169,134,2256
2024-05-08T00:00:00.000Z,Paloheinä,OG30,OG30_Paloheina_1,211,195,782
2024-05-08T00:00:00.000Z,Paloheinä,OG30,OG30_Paloheina_2,171,162,699
2024-05-08T00:00:00.000Z,Paloheinä,OG41,OG41_Paloheina_1,146,128,671
2024-05-08T00:00:00.000Z,Paloheinä,OG41,OG41_Paloheina_2,120,115,446
2024-05-08T00:00:00.000Z,Pirkkola,OG10,OG10_Pirkkola_1,220,209,851
2024-05-08T00:00:00.000Z,Pirkkola,OG10,OG10_Pirkkola_2,134,121,649
2024-05-08T00:00:00.000Z,Pirkkola,OG12,OG12_Pirkkola,228,224,893
2024-05-08T00:00:00.000Z,Pirkkola,OG14,CL14_Pirkkola,2,2,30
2024-05-08T00:00:00.000Z,Pirkkola,OG22,OG22_Pirkkola,101,92,1342
2024-05-08T00:00:00.000Z,Pirkkola,OG23,OG23_Pirkkola,184,150,2999
2024-05-08T00:00:00.000Z,Pirkkola,OG24,OG24_Pirkkola,343,235,4470
2024-05-08T00:00:00.000Z,Pirkkola,OG26,OG26_Pirkkola,141,98,2630
2024-05-08T00:00:00.000Z,Pirkkola,OG30,OG30_Pirkkola,239,227,1113
2024-05-08T00:00:00.000Z,Pirkkola,OG41,OG41_Pirkkola,152,152,756
2024-05-08T00:00:00.000Z,Pirkkola,OG72,OG72_Pirkkola,225,183,2078
2024-05-08T00:00:00.000Z,Pirkkola,OG82,OG82_Pirkkola,191,145,2336
2024-05-08T00:00:00.000Z,Pirkkola,OG85,OG85_Pirkkola,141,107,1130
2024-05-08T00:00:00.000Z,Pirkkola,OG92,OG92_Pirkkola,261,218,3933
2024-05-08T00:00:00.000Z,Pirkkola,OGFA24,OGFA24_Pirkkola,10,8,94
2024-05-08T00:00:00.000Z,Pirkkola,OGFA41,OGFA41_Pirkkola,27,31,79
2024-05-09T00:00:00.000Z,Hietaniemi,OG10,OG10_Hietaniemi_1,258,203,2347
2024-05-09T00:00:00.000Z,Hietaniemi,OG10,OG10_Hietaniemi_2,232,204,1159
2024-05-09T00:00:00.000Z,Hietaniemi,OG23,OG23_Hietaniemi_1,283,218,4206
2024-05-09T00:00:00.000Z,Hietaniemi,OG24,OG24_Hietaniemi_1,369,263,7204
2024-05-09T00:00:00.000Z,Hietaniemi,OG30,OG30_Hietaniemi_1,304,326,1264
2024-05-09T00:00:00.000Z,Hietaniemi,OG30,OG30_Hietaniemi_2,284,290,1098
2024-05-09T00:00:00.000Z,Hietaniemi,OG31,OG31_Hietaniemi_1,383,321,2029
2024-05-09T00:00:00.000Z,Hietaniemi,OG41,OG41_Hietaniemi_1,340,305,1750
2024-05-09T00:00:00.000Z,Hietaniemi,OG70,OG70_Hietaniemi_1,167,140,1662
2024-05-09T00:00:00.000Z,Hietaniemi,OG72,OG72_Hietaniemi_1,253,205,2629
2024-05-09T00:00:00.000Z,Hietaniemi,OG80,OG80_Hietaniemi_1,248,184,4186
2024-05-09T00:00:00.000Z,Hietaniemi,OG82,og82_Hietaniemi,151,132,1620
2024-05-09T00:00:00.000Z,Paloheinä,OG10,OG10_Paloheina_1,216,183,1187
2024-05-09T00:00:00.000Z,Paloheinä,OG10,OG10_Paloheina_2,151,152,594
2024-05-09T00:00:00.000Z,Paloheinä,OG23,OG23_Paloheina_1,222,190,2693
2024-05-09T00:00:00.000Z,Paloheinä,OG23,OG23_Paloheina_2,188,163,2432
2024-05-09T00:00:00.000Z,Paloheinä,OG30,OG30_Paloheina_1,278,281,1006
2024-05-09T00:00:00.000Z,Paloheinä,OG30,OG30_Paloheina_2,245,255,1087
2024-05-09T00:00:00.000Z,Paloheinä,OG41,OG41_Paloheina_1,196,179,896
2024-05-09T00:00:00.000Z,Paloheinä,OG41,OG41_Paloheina_2,162,164,703
2024-05-09T00:00:00.000Z,Pirkkola,OG10,OG10_Pirkkola_1,253,228,1245
2024-05-09T00:00:00.000Z,Pirkkola,OG10,OG10_Pirkkola_2,183,142,1003
2024-05-09T00:00:00.000Z,Pirkkola,OG12,OG12_Pirkkola,246,262,983
2024-05-09T00:00:00.000Z,Pirkkola,OG14,CL14_Pirkkola,6,5,21
2024-05-09T00:00:00.000Z,Pirkkola,OG22,OG22_Pirkkola,186,161,2497
2024-05-09T00:00:00.000Z,Pirkkola,OG23,OG23_Pirkkola,290,227,4661
2024-05-09T00:00:00.000Z,Pirkkola,OG24,OG24_Pirkkola,481,353,6894
2024-05-09T00:00:00.000Z,Pirkkola,OG26,OG26_Pirkkola,168,117,3332
2024-05-09T00:00:00.000Z,Pirkkola,OG30,OG30_Pirkkola,352,355,1626
2024-05-09T00:00:00.000Z,Pirkkola,OG41,OG41_Pirkkola,255,241,1230
2024-05-09T00:00:00.000Z,Pirkkola,OG72,OG72_Pirkkola,378,326,3396
2024-05-09T00:00:00.000Z,Pirkkola,OG82,OG82_Pirkkola,256,202,3033
2024-05-09T00:00:00.000Z,Pirkkola,OG85,OG85_Pirkkola,174,135,1475
2024-05-09T00:00:00.000Z,Pirkkola,OG92,OG92_Pirkkola,281,223,3957
2024-05-09T00:00:00.000Z,Pirkkola,OGFA24,OGFA24_Pirkkola,26,21,227
2024-05-09T00:00:00.000Z,Pirkkola,OGFA41,OGFA41_Pirkkola,50,48,215
2024-05-10T00:00:00.000Z,Hietaniemi,OG10,OG10_Hietaniemi_1,137,113,847
2024-05-10T00:00:00.000Z,Hietaniemi,OG10,OG10_Hietaniemi_2,188,172,915
2024-05-10T00:00:00.000Z,Hietaniemi,OG23,OG23_Hietaniemi_1,224,176,3048
2024-05-10T00:00:00.000Z,Hietaniemi,OG24,OG24_Hietaniemi_1,322,234,5585
2024-05-10T00:00:00.000Z,Hietaniemi,OG30,OG30_Hietaniemi_1,180,186,730
2024-05-10T00:00:00.000Z,Hietaniemi,OG30,OG30_Hietaniemi_2,245,235,976
2024-05-10T00:00:00.000Z,Hietaniemi,OG31,OG31_Hietaniemi_1,248,242,1246
2024-05-10T00:00:00.000Z,Hietaniemi,OG41,OG41_Hietaniemi_1,262,241,1372
2024-05-10T00:00:00.000Z,Hietaniemi,OG70,OG70_Hietaniemi_1,133,108,1004
2024-05-10T00:00:00.000Z,Hietaniemi,OG72,OG72_Hietaniemi_1,176,146,1341
2024-05-10T00:00:00.000Z,Hietaniemi,OG80,OG80_Hietaniemi_1,176,148,2844
2024-05-10T00:00:00.000Z,Hietaniemi,OG82,og82_Hietaniemi,132,113,1181
2024-05-10T00:00:00.000Z,Paloheinä,OG10,OG10_Paloheina_1,157,152,795
2024-05-10T00:00:00.000Z,Paloheinä,OG10,OG10_Paloheina_2,103,99,399
2024-05-10T00:00:00.000Z,Paloheinä,OG23,OG23_Paloheina_1,133,107,1540
2024-05-10T00:00:00.000Z,Paloheinä,OG23,OG23_Paloheina_2,118,102,1308
2024-05-10T00:00:00.000Z,Paloheinä,OG30,OG30_Paloheina_1,175,177,673
2024-05-10T00:00:00.000Z,Paloheinä,OG30,OG30_Paloheina_2,171,164,697
2024-05-10T00:00:00.000Z,Paloheinä,OG41,OG41_Paloheina_1,152,135,736
2024-05-10T00:00:00.000Z,Paloheinä,OG41,OG41_Paloheina_2,153,139,561
2024-05-10T00:00:00.000Z,Pirkkola,OG10,OG10_Pirkkola_1,223,214,1205
2024-05-10T00:00:00.000Z,Pirkkola,OG10,OG10_Pirkkola_2,149,140,603
2024-05-10T00:00:00.000Z,Pirkkola,OG12,OG12_Pirkkola,257,246,1210
2024-05-10T00:00:00.000Z,Pirkkola,OG14,CL14_Pirkkola,1,2,12
2024-05-10T00:00:00.000Z,Pirkkola,OG22,OG22_Pirkkola,172,152,2127
2024-05-10T00:00:00.000Z,Pirkkola,OG23,OG23_Pirkkola,286,237,3644
2024-05-10T00:00:00.000Z,Pirkkola,OG24,OG24_Pirkkola,410,318,5331
2024-05-10T00:00:00.000Z,Pirkkola,OG26,OG26_Pirkkola,138,91,2398
2024-05-10T00:00:00.000Z,Pirkkola,OG30,OG30_Pirkkola,310,307,1200
2024-05-10T00:00:00.000Z,Pirkkola,OG41,OG41_Pirkkola,158,162,599
2024-05-10T00:00:00.000Z,Pirkkola,OG72,OG72_Pirkkola,237,202,1670
2024-05-10T00:00:00.000Z,Pirkkola,OG82,OG82_Pirkkola,230,181,2415
2024-05-10T00:00:00.000Z,Pirkkola,OG85,OG85_Pirkkola,149,121,1255
2024-05-10T00:00:00.000Z,Pirkkola,OG92,OG92_Pirkkola,308,255,4776
2024-05-10T00:00:00.000Z,Pirkkola,OGFA24,OGFA24_Pirkkola,18,17,95
2024-05-10T00:00:00.000Z,Pirkkola,OGFA41,OGFA41_Pirkkola,18,16,74
2024-05-11T00:00:00.000Z,Hietaniemi,OG10,OG10_Hietaniemi_1,254,191,2556
2024-05-11T00:00:00.000Z,Hietaniemi,OG10,OG10_Hietaniemi_2,211,204,878
2024-05-11T00:00:00.000Z,Hietaniemi,OG23,OG23_Hietaniemi_1,243,201,3237
2024-05-11T00:00:00.000Z,Hietaniemi,OG24,OG24_Hietaniemi_1,337,272,5229
2024-05-11T00:00:00.000Z,Hietaniemi,OG30,OG30_Hietaniemi_1,215,230,772
2024-05-11T00:00:00.000Z,Hietaniemi,OG30,OG30_Hietaniemi_2,248,247,939
2024-05-11T00:00:00.000Z,Hietaniemi,OG31,OG31_Hietaniemi_1,279,252,1508
2024-05-11T00:00:00.000Z,Hietaniemi,OG41,OG41_Hietaniemi_1,287,267,1506
2024-05-11T00:00:00.000Z,Hietaniemi,OG70,OG70_Hietaniemi_1,154,118,1187
2024-05-11T00:00:00.000Z,Hietaniemi,OG72,OG72_Hietaniemi_1,173,139,1727
2024-05-11T00:00:00.000Z,Hietaniemi,OG80,OG80_Hietaniemi_1,207,159,3552
2024-05-11T00:00:00.000Z,Hietaniemi,OG82,og82_Hietaniemi,117,83,1416
2024-05-11T00:00:00.000Z,Paloheinä,OG10,OG10_Paloheina_1,169,142,995
2024-05-11T00:00:00.000Z,Paloheinä,OG10,OG10_Paloheina_2,119,110,512
2024-05-11T00:00:00.000Z,Paloheinä,OG23,OG23_Paloheina_1,140,120,1574
2024-05-11T00:00:00.000Z,Paloheinä,OG23,OG23_Paloheina_2,191,142,2491
2024-05-11T00:00:00.000Z,Paloheinä,OG30,OG30_Paloheina_1,219,225,711
2024-05-11T00:00:00.000Z,Paloheinä,OG30,OG30_Paloheina_2,226,217,853
2024-05-11T00:00:00.000Z,Paloheinä,OG41,OG41_Paloheina_1,230,213,1097
2024-05-11T00:00:00.000Z,Paloheinä,OG41,OG41_Paloheina_2,169,151,809
2024-05-11T00:00:00.000Z,Pirkkola,OG10,OG10_Pirkkola_1,156,144,693
2024-05-11T00:00:00.000Z,Pirkkola,OG10,OG10_Pirkkola_2,163,141,837
2024-05-11T00:00:00.000Z,Pirkkola,OG12,OG12_Pirkkola,222,221,983
2024-05-11T00:00:00.000Z,Pirkkola,OG14,CL14_Pirkkola,43,36,435
2024-05-11T00:00:00.000Z,Pirkkola,OG22,OG22_Pirkkola,135,101,1668
2024-05-11T00:00:00.000Z,Pirkkola,OG23,OG23_Pirkkola,201,165,3124
2024-05-11T00:00:00.000Z,Pirkkola,OG24,OG24_Pirkkola,362,275,4776
2024-05-11T00:00:00.000Z,Pirkkola,OG26,OG26_Pirkkola,127,95,2199
2024-05-11T00:00:00.000Z,Pirkkola,OG30,OG30_Pirkkola,277,259,1257
2024-05-11T00:00:00.000Z,Pirkkola,OG41,OG41_Pirkkola,169,151,752
2024-05-11T00:00:00.000Z,Pirkkola,OG72,OG72_Pirkkola,211,172,1777
2024-05-11T00:00:00.000Z,Pirkkola,OG82,OG82_Pirkkola,174,132,1987
2024-05-11T00:00:00.000Z,Pirkkola,OG85,OG85_Pirkkola,104,86,772
2024-05-11T00:00:00.000Z,Pirkkola,OG92,OG92_Pirkkola,290,223,4554
2024-05-11T00:00:00.000Z,Pirkkola,OGFA24,OGFA24_Pirkkola,7,5,38
2024-05-11T00:00:00.000Z,Pirkkola,OGFA41,OGFA41_Pirkkola,24,21,128
2024-05-12T00:00:00.000Z,Hietaniemi,OG10,OG10_Hietaniemi_1,182,140,1539
2024-05-12T00:00:00.000Z,Hietaniemi,OG10,OG10_Hietaniemi_2,157,143,714
2024-05-12T00:00:00.000Z,Hietaniemi,OG23,OG23_Hietaniemi_1,228,179,2866
2024-05-12T00:00:00.000Z,Hietaniemi,OG24,OG24_Hietaniemi_1,297,204,4817
2024-05-12T00:00:00.000Z,Hietaniemi,OG30,OG30_Hietaniemi_1,189,205,653
2024-05-12T00:00:00.000Z,Hietaniemi,OG30,OG30_Hietaniemi_2,212,199,1088
2024-05-12T00:00:00.000Z,Hietaniemi,OG31,OG31_Hietaniemi_1,227,220,1091
2024-05-12T00:00:00.000Z,Hietaniemi,OG41,OG41_Hietaniemi_1,237,220,1386
2024-05-12T00:00:00.000Z,Hietaniemi,OG70,OG70_Hietaniemi_1,113,90,995
2024-05-12T00:00:00.000Z,Hietaniemi,OG72,OG72_Hietaniemi_1,127,110,1126
2024-05-12T00:00:00.000Z,Hietaniemi,OG80,OG80_Hietaniemi_1,176,125,2709
2024-05-12T00:00:00.000Z,Hietaniemi,OG82,og82_Hietaniemi,87,71,702
2024-05-12T00:00:00.000Z,Paloheinä,OG10,OG10_Paloheina_1,205,179,1229
2024-05-12T00:00:00.000Z,Paloheinä,OG10,OG10_Paloheina_2,90,85,350
2024-05-12T00:00:00.000Z,Paloheinä,OG23,OG23_Paloheina_1,197,168,2183
2024-05-12T00:00:00.000Z,Paloheinä,OG23,OG23_Paloheina_2,172,133,1954
2024-05-12T00:00:00.000Z,Paloheinä,OG30,OG30_Paloheina_1,255,267,879
2024-05-12T00:00:00.000Z,Paloheinä,OG30,OG30_Paloheina_2,274,287,1412
2024-05-12T00:00:00.000Z,Paloheinä,OG41,OG41_Paloheina_1,178,173,902
2024-05-12T00:00:00.000Z,Paloheinä,OG41,OG41_Paloheina_2,174,158,946
2024-05-12T00:00:00.000Z,Pirkkola,OG10,OG10_Pirkkola_1,173,165,749
2024-05-12T00:00:00.000Z,Pirkkola,OG10,OG10_Pirkkola_2,167,159,874
2024-05-12T00:00:00.000Z,Pirkkola,OG12,OG12_Pirkkola,242,225,1258
2024-05-12T00:00:00.000Z,Pirkkola,OG14,CL14_Pirkkola,74,56,692
2024-05-12T00:00:00.000Z,Pirkkola,OG22,OG22_Pirkkola,114,99,1428
2024-05-12T00:00:00.000Z,Pirkkola,OG23,OG23_Pirkkola,229,187,3052
2024-05-12T00:00:00.000Z,Pirkkola,OG24,OG24_Pirkkola,313,229,4467
2024-05-12T00:00:00.000Z,Pirkkola,OG26,OG26_Pirkkola,120,85,2538
2024-05-12T00:00:00.000Z,Pirkkola,OG30,OG30_Pirkkola,272,268,1155
2024-05-12T00:00:00.000Z,Pirkkola,OG41,OG41_Pirkkola,201,199,825
2024-05-12T00:00:00.000Z,Pirkkola,OG72,OG72_Pirkkola,226,188,2016
2024-05-12T00:00:00.000Z,Pirkkola,OG82,OG82_Pirkkola,159,127,1878
2024-05-12T00:00:00.000Z,Pirkkola,OG85,OG85_Pirkkola,109,88,943
2024-05-12T00:00:00.000Z,Pirkkola,OG92,OG92_Pirkkola,266,211,4188
2024-05-12T00:00:00.000Z,Pirkkola,OGFA24,OGFA24_Pirkkola,26,25,269
2024-05-12T00:00:00.000Z,Pirkkola,OGFA41,OGFA41_Pirkkola,19,16,70
2024-05-13T00:00:00.000Z,Hietaniemi,OG10,OG10_Hietaniemi_1,271,198,2550
2024-05-13T00:00:00.000Z,Hietaniemi,OG10,OG10_Hietaniemi_2,307,271,1799
2024-05-13T00:00:00.000Z,Hietaniemi,OG23,OG23_Hietaniemi_1,270,211,3606
2024-05-13T00:00:00.000Z,Hietaniemi,OG24,OG24_Hietaniemi_1,364,252,6087
2024-05-13T00:00:00.000Z,Hietaniemi,OG30,OG30_Hietaniemi_1,317,311,1199
2024-05-13T00:00:00.000Z,Hietaniemi,OG30,OG30_Hietaniemi_2,277,285,1255
2024-05-13T00:00:00.000Z,Hietaniemi,OG31,OG31_Hietaniemi_1,307,300,1406
2024-05-13T00:00:00.000Z,Hietaniemi,OG41,OG41_Hietaniemi_1,282,249,1750
2024-05-13T00:00:00.000Z,Hietaniemi,OG70,OG70_Hietaniemi_1,206,155,2190
2024-05-13T00:00:00.000Z,Hietaniemi,OG72,OG72_Hietaniemi_1,241,193,2714
2024-05-13T00:00:00.000Z,Hietaniemi,OG80,OG80_Hietaniemi_1,250,189,4028
2024-05-13T00:00:00.000Z,Hietaniemi,OG82,og82_Hietaniemi,92,68,1097
2024-05-13T00:00:00.000Z,Paloheinä,OG10,OG10_Paloheina_1,196,188,1079
2024-05-13T00:00:00.000Z,Paloheinä,OG10,OG10_Paloheina_2,192,189,878
2024-05-13T00:00:00.000Z,Paloheinä,OG23,OG23_Paloheina_1,212,177,2368
2024-05-13T00:00:00.000Z,Paloheinä,OG23,OG23_Paloheina_2,241,203,3292
2024-05-13T00:00:00.000Z,Paloheinä,OG30,OG30_Paloheina_1,339,354,1379
2024-05-13T00:00:00.000Z,Paloheinä,OG30,OG30_Paloheina_2,245,236,1109
2024-05-13T00:00:00.000Z,Paloheinä,OG41,OG41_Paloheina_1,247,225,1195
2024-05-13T00:00:00.000Z,Paloheinä,OG41,OG41_Paloheina_2,185,171,773
2024-05-13T00:00:00.000Z,Pirkkola,OG10,OG10_Pirkkola_1,252,223,1080
2024-05-13T00:00:00.000Z,Pirkkola,OG10,OG10_Pirkkola_2,148,123,773
2024-05-13T00:00:00.000Z,Pirkkola,OG12,OG12_Pirkkola,154,156,594
2024-05-13T00:00:00.000Z,Pirkkola,OG14,CL14_Pirkkola,35,30,272
2024-05-13T00:00:00.000Z,Pirkkola,OG22,OG22_Pirkkola,136,114,1873
2024-05-13T00:00:00.000Z,Pirkkola,OG23,OG23_Pirkkola,237,198,3569
2024-05-13T00:00:00.000Z,Pirkkola,OG24,OG24_Pirkkola,437,327,5867
2024-05-13T00:00:00.000Z,Pirkkola,OG26,OG26_Pirkkola,131,97,2315
2024-05-13T00:00:00.000Z,Pirkkola,OG30,OG30_Pirkkola,328,303,1363
2024-05-13T00:00:00.000Z,Pirkkola,OG41,OG41_Pirkkola,231,222,971
2024-05-13T00:00:00.000Z,Pirkkola,OG72,OG72_Pirkkola,294,237,2584
2024-05-13T00:00:00.000Z,Pirkkola,OG82,OG82_Pirkkola,225,180,2715
2024-05-13T00:00:00.000Z,Pirkkola,OG85,OG85_Pirkkola,154,124,1241
2024-05-13T00:00:00.000Z,Pirkkola,OG92,OG92_Pirkkola,327,258,5141
2024-05-13T00:00:00.000Z,Pirkkola,OGFA24,OGFA24_Pirkkola,9,9,52
2024-05-13T00:00:00.000Z,Pirkkola,OGFA41,OGFA41_Pirkkola,29,23,217
2024-05-14T00:00:00.000Z,Hietaniemi,OG10,OG10_Hietaniemi_1,280,239,1843
2024-05-14T00:00:00.000Z,Hietaniemi,OG10,OG10_Hietaniemi_2,292,244,1563
2024-05-14T00:00:00.000Z,Hietaniemi,OG23,OG23_Hietaniemi_1,360,290,5498
2024-05-14T00:00:00.000Z,Hietaniemi,OG24,OG24_Hietaniemi_1,458,311,9189
2024-05-14T00:00:00.000Z,Hietaniemi,OG30,OG30_Hietaniemi_1,347,341,1516
2024-05-14T00:00:00.000Z,Hietaniemi,OG30,OG30_Hietaniemi_2,391,362,1991
2024-05-14T00:00:00.000Z,Hietaniemi,OG31,OG31_Hietaniemi_1,475,446,2436
2024-05-14T00:00:00.000Z,Hietaniemi,OG41,OG41_Hietaniemi_1,421,378,2816
2024-05-14T00:00:00.000Z,Hietaniemi,OG70,OG70_Hietaniemi_1,268,213,2726
2024-05-14T00:00:00.000Z,Hietaniemi,OG72,OG72_Hietaniemi_1,306,249,2973
2024-05-14T00:00:00.000Z,Hietaniemi,OG80,OG80_Hietaniemi_1,349,250,5634
2024-05-14T00:00:00.000Z,Hietaniemi,OG82,og82_Hietaniemi,188,157,1988
2024-05-14T00:00:00.000Z,Paloheinä,OG10,OG10_Paloheina_1,156,126,925
2024-05-14T00:00:00.000Z,Paloheinä,OG10,OG10_Paloheina_2,162,148,697
2024-05-14T00:00:00.000Z,Paloheinä,OG23,OG23_Paloheina_1,219,181,2298
2024-05-14T00:00:00.000Z,Paloheinä,OG23,OG23_Paloheina_2,226,177,2688
2024-05-14T00:00:00.000Z,Paloheinä,OG30,OG30_Paloheina_1,322,307,1172
2024-05-14T00:00:00.000Z,Paloheinä,OG30,OG30_Paloheina_2,262,238,1275
2024-05-14T00:00:00.000Z,Paloheinä,OG41,OG41_Paloheina_1,220,196,1164
2024-05-14T00:00:00.000Z,Paloheinä,OG41,OG41_Paloheina_2,158,156,642
2024-05-14T00:00:00.000Z,Pirkkola,OG10,OG10_Pirkkola_1,270,272,1374
2024-05-14T00:00:00.000Z,Pirkkola,OG10,OG10_Pirkkola_2,194,177,1069
2024-05-14T00:00:00.000Z,Pirkkola,OG12,OG12_Pirkkola,295,287,1462
2024-05-14T00:00:00.000Z,Pirkkola,OG14,CL14_Pirkkola,63,54,788
2024-05-14T00:00:00.000Z,Pirkkola,OG22,OG22_Pirkkola,262,217,3644
2024-05-14T00:00:00.000Z,Pirkkola,OG23,OG23_Pirkkola,301,246,4755
2024-05-14T00:00:00.000Z,Pirkkola,OG24,OG24_Pirkkola,507,386,6682
2024-05-14T00:00:00.000Z,Pirkkola,OG26,OG26_Pirkkola,145,114,2371
2024-05-14T00:00:00.000Z,Pirkkola,OG30,OG30_Pirkkola,393,399,2017
2024-05-14T00:00:00.000Z,Pirkkola,OG41,OG41_Pirkkola,286,265,1198
2024-05-14T00:00:00.000Z,Pirkkola,OG72,OG72_Pirkkola,392,311,4034
2024-05-14T00:00:00.000Z,Pirkkola,OG82,OG82_Pirkkola,319,254,4436
2024-05-14T00:00:00.000Z,Pirkkola,OG85,OG85_Pirkkola,236,196,2099
2024-05-14T00:00:00.000Z,Pirkkola,OG92,OG92_Pirkkola,321,266,4955
2024-05-14T00:00:00.000Z,Pirkkola,OGFA24,OGFA24_Pirkkola,13,14,79
2024-05-14T00:00:00.000Z,Pirkkola,OGFA41,OGFA41_Pirkkola,52,44,285
2024-05-15T00:00:00.000Z,Hietaniemi,OG10,OG10_Hietaniemi_1,378,322,2815
2024-05-15T00:00:00.000Z,Hietaniemi,OG10,OG10_Hietaniemi_2,335,299,1905
2024-05-15T00:00:00.000Z,Hietaniemi,OG23,OG23_Hietaniemi_1,382,300,6217
2024-05-15T00:00:00.000Z,Hietaniemi,OG24,OG24_Hietaniemi_1,464,354,8364
2024-05-15T00:00:00.000Z,Hietaniemi,OG30,OG30_Hietaniemi_1,330,328,1550
2024-05-15T00:00:00.000Z,Hietaniemi,OG30,OG30_Hietaniemi_2,397,422,1637
2024-05-15T00:00:00.000Z,Hietaniemi,OG31,OG31_Hietaniemi_1,434,420,2240
2024-05-15T00:00:00.000Z,Hietaniemi,OG41,OG41_Hietaniemi_1,424,375,2725
2024-05-15T00:00:00.000Z,Hietaniemi,OG70,OG70_Hietaniemi_1,266,200,3119
2024-05-15T00:00:00.000Z,Hietaniemi,OG72,OG72_Hietaniemi_1,387,320,4509
2024-05-15T00:00:00.000Z,Hietaniemi,OG80,OG80_Hietaniemi_1,316,235,6228
2024-05-15T00:00:00.000Z,Hietaniemi,OG82,og82_Hietaniemi,208,162,2689
2024-05-15T00:00:00.000Z,Paloheinä,OG10,OG10_Paloheina_1,203,168,1149
2024-05-15T00:00:00.000Z,Paloheinä,OG10,OG10_Paloheina_2,186,178,806
2024-05-15T00:00:00.000Z,Paloheinä,OG23,OG23_Paloheina_1,207,165,2226
2024-05-15T00:00:00.000Z,Paloheinä,OG23,OG23_Paloheina_2,273,226,3835
2024-05-15T00:00:00.000Z,Paloheinä,OG30,OG30_Paloheina_1,288,311,995
2024-05-15T00:00:00.000Z,Paloheinä,OG30,OG30_Paloheina_2,321,315,1727
2024-05-15T00:00:00.000Z,Paloheinä,OG41,OG41_Paloheina_1,203,192,918
2024-05-15T00:00:00.000Z,Paloheinä,OG41,OG41_Paloheina_2,194,167,924
2024-05-15T00:00:00.000Z,Pirkkola,OG10,OG10_Pirkkola_1,267,252,1369
2024-05-15T00:00:00.000Z,Pirkkola,OG10,OG10_Pirkkola_2,237,224,1228
2024-05-15T00:00:00.000Z,Pirkkola,OG12,OG12_Pirkkola,305,322,1409
2024-05-15T00:00:00.000Z,Pirkkola,OG14,CL14_Pirkkola,215,178,2041
2024-05-15T00:00:00.000Z,Pirkkola,OG22,OG22_Pirkkola,257,237,3537
2024-05-15T00:00:00.000Z,Pirkkola,OG23,OG23_Pirkkola,303,257,4522
2024-05-15T00:00:00.000Z,Pirkkola,OG24,OG24_Pirkkola,437,339,6111
2024-05-15T00:00:00.000Z,Pirkkola,OG26,OG26_Pirkkola,157,110,2750
2024-05-15T00:00:00.000Z,Pirkkola,OG30,OG30_Pirkkola,363,340,1696
2024-05-15T00:00:00.000Z,Pirkkola,OG41,OG41_Pirkkola,273,239,1245
2024-05-15T00:00:00.000Z,Pirkkola,OG72,OG72_Pirkkola,360,290,3445
2024-05-15T00:00:00.000Z,Pirkkola,OG82,OG82_Pirkkola,206,161,2340
2024-05-15T00:00:00.000Z,Pirkkola,OG85,OG85_Pirkkola,165,134,1457
2024-05-15T00:00:00.000Z,Pirkkola,OG92,OG92_Pirkkola,372,305,5612
2024-05-15T00:00:00.000Z,Pirkkola,OGFA24,OGFA24_Pirkkola,25,22,207
2024-05-15T00:00:00.000Z,Pirkkola,OGFA41,OGFA41_Pirkkola,28,24,69
2024-05-16T00:00:00.000Z,Hietaniemi,OG10,OG10_Hietaniemi_1,419,361,3763
2024-05-16T00:00:00.000Z,Hietaniemi,OG10,OG10_Hietaniemi_2,405,371,2303
2024-05-16T00:00:00.000Z,Hietaniemi,OG23,OG23_Hietaniemi_1,424,331,6902
2024-05-16T00:00:00.000Z,Hietaniemi,OG24,OG24_Hietaniemi_1,531,393,9654
2024-05-16T00:00:00.000Z,Hietaniemi,OG30,OG30_Hietaniemi_1,436,407,2352
2024-05-16T00:00:00.000Z,Hietaniemi,OG30,OG30_Hietaniemi_2,395,405,1550
2024-05-16T00:00:00.000Z,Hietaniemi,OG31,OG31_Hietaniemi_1,480,463,2936
2024-05-16T00:00:00.000Z,Hietaniemi,OG41,OG41_Hietaniemi_1,462,411,3903
2024-05-16T00:00:00.000Z,Hietaniemi,OG70,OG70_Hietaniemi_1,367,279,4256
2024-05-16T00:00:00.000Z,Hietaniemi,OG72,OG72_Hietaniemi_1,404,332,4617
2024-05-16T00:00:00.000Z,Hietaniemi,OG80,OG80_Hietaniemi_1,381,281,7525
2024-05-16T00:00:00.000Z,Hietaniemi,OG82,og82_Hietaniemi,257,197,3043
2024-05-16T00:00:00.000Z,Paloheinä,OG10,OG10_Paloheina_1,189,166,973
2024-05-16T00:00:00.000Z,Paloheinä,OG10,OG10_Paloheina_2,159,141,737
2024-05-16T00:00:00.000Z,Paloheinä,OG23,OG23_Paloheina_1,208,172,2355
2024-05-16T00:00:00.000Z,Paloheinä,OG23,OG23_Paloheina_2,182,144,2395
2024-05-16T00:00:00.000Z,Paloheinä,OG30,OG30_Paloheina_1,319,311,1272
2024-05-16T00:00:00.000Z,Paloheinä,OG30,OG30_Paloheina_2,273,259,1363
2024-05-16T00:00:00.000Z,Paloheinä,OG41,OG41_Paloheina_1,215,199,1100
2024-05-16T00:00:00.000Z,Paloheinä,OG41,OG41_Paloheina_2,203,176,863
2024-05-16T00:00:00.000Z,Pirkkola,OG10,OG10_Pirkkola_1,240,221,1027
2024-05-16T00:00:00.000Z,Pirkkola,OG10,OG10_Pirkkola_2,158,147,661
2024-05-16T00:00:00.000Z,Pirkkola,OG12,OG12_Pirkkola,196,179,814
2024-05-16T00:00:00.000Z,Pirkkola,OG14,CL14_Pirkkola,299,255,2595
2024-05-16T00:00:00.000Z,Pirkkola,OG22,OG22_Pirkkola,155,133,1968
2024-05-16T00:00:00.000Z,Pirkkola,OG23,OG23_Pirkkola,250,211,3718
2024-05-16T00:00:00.000Z,Pirkkola,OG24,OG24_Pirkkola,387,316,4675
2024-05-16T00:00:00.000Z,Pirkkola,OG26,OG26_Pirkkola,125,94,2429
2024-05-16T00:00:00.000Z,Pirkkola,OG30,OG30_Pirkkola,367,340,1762
2024-05-16T00:00:00.000Z,Pirkkola,OG41,OG41_Pirkkola,186,177,962
2024-05-16T00:00:00.000Z,Pirkkola,OG72,OG72_Pirkkola,275,215,2787
2024-05-16T00:00:00.000Z,Pirkkola,OG82,OG82_Pirkkola,232,163,3057
2024-05-16T00:00:00.000Z,Pirkkola,OG85,OG85_Pirkkola,166,144,1331
2024-05-16T00:00:00.000Z,Pirkkola,OG92,OG92_Pirkkola,265,228,3504
2024-05-16T00:00:00.000Z,Pirkkola,OGFA24,OGFA24_Pirkkola,15,16,51
2024-05-16T00:00:00.000Z,Pirkkola,OGFA41,OGFA41_Pirkkola,58,54,273
2024-05-17T00:00:00.000Z,Hietaniemi,OG10,OG10_Hietaniemi_1,449,368,3940
2024-05-17T00:00:00.000Z,Hietaniemi,OG10,OG10_Hietaniemi_2,387,363,1887
2024-05-17T00:00:00.000Z,Hietaniemi,OG23,OG23_Hietaniemi_1,451,342,7406
2024-05-17T00:00:00.000Z,Hietaniemi,OG24,OG24_Hietaniemi_1,555,433,9862
2024-05-17T00:00:00.000Z,Hietaniemi,OG30,OG30_Hietaniemi_1,446,449,2125
2024-05-17T00:00:00.000Z,Hietaniemi,OG30,OG30_Hietaniemi_2,431,476,1759
2024-05-17T00:00:00.000Z,Hietaniemi,OG31,OG31_Hietaniemi_1,538,515,3048
2024-05-17T00:00:00.000Z,Hietaniemi,OG41,OG41_Hietaniemi_1,493,437,3514
2024-05-17T00:00:00.000Z,Hietaniemi,OG70,OG70_Hietaniemi_1,310,233,3234
2024-05-17T00:00:00.000Z,Hietaniemi,OG72,OG72_Hietaniemi_1,363,308,4094
2024-05-17T00:00:00.000Z,Hietaniemi,OG80,OG80_Hietaniemi_1,463,341,8207
2024-05-17T00:00:00.000Z,Hietaniemi,OG82,og82_Hietaniemi,299,228,3056
2024-05-17T00:00:00.000Z,Paloheinä,OG10,OG10_Paloheina_1,204,173,1107
2024-05-17T00:00:00.000Z,Paloheinä,OG10,OG10_Paloheina_2,170,154,737
2024-05-17T00:00:00.000Z,Paloheinä,OG23,OG23_Paloheina_1,176,156,2133
2024-05-17T00:00:00.000Z,Paloheinä,OG23,OG23_Paloheina_2,221,182,2779
2024-05-17T00:00:00.000Z,Paloheinä,OG30,OG30_Paloheina_1,217,221,808
2024-05-17T00:00:00.000Z,Paloheinä,OG30,OG30_Paloheina_2,223,219,890
2024-05-17T00:00:00.000Z,Paloheinä,OG41,OG41_Paloheina_1,222,206,980
2024-05-17T00:00:00.000Z,Paloheinä,OG41,OG41_Paloheina_2,173,154,845
2024-05-17T00:00:00.000Z,Pirkkola,OG10,OG10_Pirkkola_1,198,203,987
2024-05-17T00:00:00.000Z,Pirkkola,OG10,OG10_Pirkkola_2,149,132,705
2024-05-17T00:00:00.000Z,Pirkkola,OG12,OG12_Pirkkola,268,273,1116
2024-05-17T00:00:00.000Z,Pirkkola,OG14,CL14_Pirkkola,300,256,2573
2024-05-17T00:00:00.000Z,Pirkkola,OG22,OG22_Pirkkola,236,207,3214
2024-05-17T00:00:00.000Z,Pirkkola,OG23,OG23_Pirkkola,254,207,3691
2024-05-17T00:00:00.000Z,Pirkkola,OG24,OG24_Pirkkola,414,302,5694
2024-05-17T00:00:00.000Z,Pirkkola,OG26,OG26_Pirkkola,210,167,3938
2024-05-17T00:00:00.000Z,Pirkkola,OG30,OG30_Pirkkola,336,309,1940
2024-05-17T00:00:00.000Z,Pirkkola,OG41,OG41_Pirkkola,249,242,1229
2024-05-17T00:00:00.000Z,Pirkkola,OG72,OG72_Pirkkola,271,229,2497
2024-05-17T00:00:00.000Z,Pirkkola,OG82,OG82_Pirkkola,213,177,2175
2024-05-17T00:00:00.000Z,Pirkkola,OG85,OG85_Pirkkola,163,139,1395
2024-05-17T00:00:00.000Z,Pirkkola,OG92,OG92_Pirkkola,357,284,5445
2024-05-17T00:00:00.000Z,Pirkkola,OGFA24,OGFA24_Pirkkola,18,15,138
2024-05-17T00:00:00.000Z,Pirkkola,OGFA41,OGFA41_Pirkkola,36,35,114
2024-05-18T00:00:00.000Z,Hietaniemi,OG10,OG10_Hietaniemi_1,391,299,3646
2024-05-18T00:00:00.000Z,Hietaniemi,OG10,OG10_Hietaniemi_2,402,374,2067
2024-05-18T00:00:00.000Z,Hietaniemi,OG23,OG23_Hietaniemi_1,384,283,6048
2024-05-18T00:00:00.000Z,Hietaniemi,OG24,OG24_Hietaniemi_1,469,334,8708
2024-05-18T00:00:00.000Z,Hietaniemi,OG30,OG30_Hietaniemi_1,369,346,1998
2024-05-18T00:00:00.000Z,Hietaniemi,OG30,OG30_Hietaniemi_2,423,415,2387
2024-05-18T00:00:00.000Z,Hietaniemi,OG31,OG31_Hietaniemi_1,511,452,3243
2024-05-18T00:00:00.000Z,Hietaniemi,OG41,OG41_Hietaniemi_1,411,369,3293
2024-05-18T00:00:00.000Z,Hietaniemi,OG70,OG70_Hietaniemi_1,314,231,3537
2024-05-18T00:00:00.000Z,Hietaniemi,OG72,OG72_Hietaniemi_1,364,326,3921
2024-05-18T00:00:00.000Z,Hietaniemi,OG80,OG80_Hietaniemi_1,442,309,8534
2024-05-18T00:00:00.000Z,Hietaniemi,OG82,og82_Hietaniemi,253,186,3209
2024-05-18T00:00:00.000Z,Paloheinä,OG10,OG10_Paloheina_1,221,183,1235
2024-05-18T00:00:00.000Z,Paloheinä,OG10,OG10_Paloheina_2,143,120,549
2024-05-18T00:00:00.000Z,Paloheinä,OG23,OG23_Paloheina_1,197,160,2147
2024-05-18T00:00:00.000Z,Paloheinä,OG23,OG23_Paloheina_2,246,201,3294
2024-05-18T00:00:00.000Z,Paloheinä,OG30,OG30_Paloheina_1,288,289,1048
2024-05-18T00:00:00.000Z,Paloheinä,OG30,OG30_Paloheina_2,243,221,1000
2024-05-18T00:00:00.000Z,Paloheinä,OG41,OG41_Paloheina_1,186,165,982
2024-05-18T00:00:00.000Z,Paloheinä,OG41,OG41_Paloheina_2,180,167,779
2024-05-18T00:00:00.000Z,Pirkkola,OG10,OG10_Pirkkola_1,181,162,918
2024-05-18T00:00:00.000Z,Pirkkola,OG10,OG10_Pirkkola_2,225,186,1264
2024-05-18T00:00:00.000Z,Pirkkola,OG12,OG12_Pirkkola,335,296,1771
2024-05-18T00:00:00.000Z,Pirkkola,OG14,CL14_Pirkkola,364,289,3093
2024-05-18T00:00:00.000Z,Pirkkola,OG22,OG22_Pirkkola,129,102,1981
2024-05-18T00:00:00.000Z,Pirkkola,OG23,OG23_Pirkkola,281,231,4341
2024-05-18T00:00:00.000Z,Pirkkola,OG24,OG24_Pirkkola,400,287,5036
2024-05-18T00:00:00.000Z,Pirkkola,OG26,OG26_Pirkkola,158,118,2940
2024-05-18T00:00:00.000Z,Pirkkola,OG30,OG30_Pirkkola,333,316,1513
2024-05-18T00:00:00.000Z,Pirkkola,OG41,OG41_Pirkkola,251,248,1243
2024-05-18T00:00:00.000Z,Pirkkola,OG72,OG72_Pirkkola,281,242,2624
2024-05-18T00:00:00.000Z,Pirkkola,OG82,OG82_Pirkkola,193,155,2029
2024-05-18T00:00:00.000Z,Pirkkola,OG85,OG85_Pirkkola,104,94,751
2024-05-18T00:00:00.000Z,Pirkkola,OG92,OG92_Pirkkola,338,268,5385
2024-05-18T00:00:00.000Z,Pirkkola,OGFA24,OGFA24_Pirkkola,50,51,205
2024-05-18T00:00:00.000Z,Pirkkola,OGFA41,OGFA41_Pirkkola,52,52,168
2024-05-19T00:00:00.000Z,Hietaniemi,OG10,OG10_Hietaniemi_1,404,322,3640
2024-05-19T00:00:00.000Z,Hietaniemi,OG10,OG10_Hietaniemi_2,421,384,2228
2024-05-19T00:00:00.000Z,Hietaniemi,OG23,OG23_Hietaniemi_1,548,441,8527
2024-05-19T00:00:00.000Z,Hietaniemi,OG24,OG24_Hietaniemi_1,547,408,10286
2024-05-19T00:00:00.000Z,Hietaniemi,OG30,OG30_Hietaniemi_1,472,455,2472
2024-05-19T00:00:00.000Z,Hietaniemi,OG30,OG30_Hietaniemi_2,416,404,1970
2024-05-19T00:00:00.000Z,Hietaniemi,OG31,OG31_Hietaniemi_1,519,497,3117
2024-05-19T00:00:00.000Z,Hietaniemi,OG41,OG41_Hietaniemi_1,526,469,3402
2024-05-19T00:00:00.000Z,Hietaniemi,OG70,OG70_Hietaniemi_1,347,260,3331
2024-05-19T00:00:00.000Z,Hietaniemi,OG72,OG72_Hietaniemi_1,451,362,5153
2024-05-19T00:00:00.000Z,Hietaniemi,OG80,OG80_Hietaniemi_1,437,331,8892
2024-05-19T00:00:00.000Z,Hietaniemi,OG82,og82_Hietaniemi,276,213,3933
2024-05-19T00:00:00.000Z,Paloheinä,OG10,OG10_Paloheina_1,231,200,1457
2024-05-19T00:00:00.000Z,Paloheinä,OG10,OG10_Paloheina_2,194,178,712
2024-05-19T00:00:00.000Z,Paloheinä,OG23,OG23_Paloheina_1,229,197,2643
2024-05-19T00:00:00.000Z,Paloheinä,OG23,OG23_Paloheina_2,290,238,4032
2024-05-19T00:00:00.000Z,Paloheinä,OG30,OG30_Paloheina_1,335,331,1254
2024-05-19T00:00:00.000Z,Paloheinä,OG30,OG30_Paloheina_2,347,354,1680
2024-05-19T00:00:00.000Z,Paloheinä,OG41,OG41_Paloheina_1,305,281,1607
2024-05-19T00:00:00.000Z,Paloheinä,OG41,OG41_Paloheina_2,258,245,1529
2024-05-19T00:00:00.000Z,Pirkkola,OG10,OG10_Pirkkola_1,253,227,1292
2024-05-19T00:00:00.000Z,Pirkkola,OG10,OG10_Pirkkola_2,244,205,1398
2024-05-19T00:00:00.000Z,Pirkkola,OG12,OG12_Pirkkola,281,272,1279
2024-05-19T00:00:00.000Z,Pirkkola,OG14,CL14_Pirkkola,399,337,3643
2024-05-19T00:00:00.000Z,Pirkkola,OG22,OG22_Pirkkola,204,183,3013
2024-05-19T00:00:00.000Z,Pirkkola,OG23,OG23_Pirkkola,266,220,4003
2024-05-19T00:00:00.000Z,Pirkkola,OG24,OG24_Pirkkola,412,304,5957
2024-05-19T00:00:00.000Z,Pirkkola,OG26,OG26_Pirkkola,158,109,3346
2024-05-19T00:00:00.000Z,Pirkkola,OG30,OG30_Pirkkola,337,326,1731
2024-05-19T00:00:00.000Z,Pirkkola,OG41,OG41_Pirkkola,258,247,1177
2024-05-19T00:00:00.000Z,Pirkkola,OG72,OG72_Pirkkola,294,244,3055
2024-05-19T00:00:00.000Z,Pirkkola,OG82,OG82_Pirkkola,223,165,2637
2024-05-19T00:00:00.000Z,Pirkkola,OG85,OG85_Pirkkola,164,153,1376
2024-05-19T00:00:00.000Z,Pirkkola,OG92,OG92_Pirkkola,382,311,6151
2024-05-19T00:00:00.000Z,Pirkkola,OGFA24,OGFA24_Pirkkola,37,29,390
2024-05-19T00:00:00.000Z,Pirkkola,OGFA41,OGFA41_Pirkkola,44,43,133
2024-05-20T00:00:00.000Z,Hietaniemi,OG10,OG10_Hietaniemi_1,408,344,3417
2024-05-20T00:00:00.000Z,Hietaniemi,OG10,OG10_Hietaniemi_2,375,360,1895
2024-05-20T00:00:00.000Z,Hietaniemi,OG23,OG23_Hietaniemi_1,430,317,6845
2024-05-20T00:00:00.000Z,Hietaniemi,OG24,OG24_Hietaniemi_1,497,364,9442
2024-05-20T00:00:00.000Z,Hietaniemi,OG30,OG30_Hietaniemi_1,450,449,2309
2024-05-20T00:00:00.000Z,Hietaniemi,OG30,OG30_Hietaniemi_2,464,484,2241
2024-05-20T00:00:00.000Z,Hietaniemi,OG31,OG31_Hietaniemi_1,528,490,3017
2024-05-20T00:00:00.000Z,Hietaniemi,OG41,OG41_Hietaniemi_1,440,386,2635
2024-05-20T00:00:00.000Z,Hietaniemi,OG70,OG70_Hietaniemi_1,354,259,3767
2024-05-20T00:00:00.000Z,Hietaniemi,OG72,OG72_Hietaniemi_1,423,351,4501
2024-05-20T00:00:00.000Z,Hietaniemi,OG80,OG80_Hietaniemi_1,386,285,7656
2024-05-20T00:00:00.000Z,Hietaniemi,OG82,og82_Hietaniemi,262,222,2834
2024-05-20T00:00:00.000Z,Paloheinä,OG10,OG10_Paloheina_1,191,159,1103
2024-05-20T00:00:00.000Z,Paloheinä,OG10,OG10_Paloheina_2,172,133,958
2024-05-20T00:00:00.000Z,Paloheinä,OG23,OG23_Paloheina_1,219,172,2498
2024-05-20T00:00:00.000Z,Paloheinä,OG23,OG23_Paloheina_2,225,180,3031
2024-05-20T00:00:00.000Z,Paloheinä,OG30,OG30_Paloheina_1,224,223,922
2024-05-20T00:00:00.000Z,Paloheinä,OG30,OG30_Paloheina_2,294,293,1266
2024-05-20T00:00:00.000Z,Paloheinä,OG41,OG41_Paloheina_1,191,191,908
2024-05-20T00:00:00.000Z,Paloheinä,OG41,OG41_Paloheina_2,184,179,884
2024-05-20T00:00:00.000Z,Pirkkola,OG10,OG10_Pirkkola_1,302,278,1603
2024-05-20T00:00:00.000Z,Pirkkola,OG10,OG10_Pirkkola_2,195,173,1010
2024-05-20T00:00:00.000Z,Pirkkola,OG12,OG12_Pirkkola,247,259,898
2024-05-20T00:00:00.000Z,Pirkkola,OG14,CL14_Pirkkola,306,240,2966
2024-05-20T00:00:00.000Z,Pirkkola,OG22,OG22_Pirkkola,205,176,2963
2024-05-20T00:00:00.000Z,Pirkkola,OG23,OG23_Pirkkola,263,211,4415
2024-05-20T00:00:00.000Z,Pirkkola,OG24,OG24_Pirkkola,455,326,6155
2024-05-20T00:00:00.000Z,Pirkkola,OG26,OG26_Pirkkola,143,97,2832
2024-05-20T00:00:00.000Z,Pirkkola,OG30,OG30_Pirkkola,421,424,1910
2024-05-20T00:00:00.000Z,Pirkkola,OG41,OG41_Pirkkola,294,263,1488
2024-05-20T00:00:00.000Z,Pirkkola,OG72,OG72_Pirkkola,337,289,3719
2024-05-20T00:00:00.000Z,Pirkkola,OG82,OG82_Pirkkola,267,212,3246
2024-05-20T00:00:00.000Z,Pirkkola,OG85,OG85_Pirkkola,234,192,2409
2024-05-20T00:00:00.000Z,Pirkkola,OG92,OG92_Pirkkola,344,272,5148
2024-05-20T00:00:00.000Z,Pirkkola,OGFA24,OGFA24_Pirkkola,47,36,410
2024-05-20T00:00:00.000Z,Pirkkola,OGFA41,OGFA41_Pirkkola,69,68,415
2024-05-21T00:00:00.000Z,Hietaniemi,OG10,OG10_Hietaniemi_1,380,321,3531
2024-05-21T00:00:00.000Z,Hietaniemi,OG10,OG10_Hietaniemi_2,384,357,1795
2024-05-21T00:00:00.000Z,Hietaniemi,OG23,OG23_Hietaniemi_1,426,338,6868
2024-05-21T00:00:00.000Z,Hietaniemi,OG24,OG24_Hietaniemi_1,525,392,9959
2024-05-21T00:00:00.000Z,Hietaniemi,OG30,OG30_Hietaniemi_1,423,402,2074
2024-05-21T00:00:00.000Z,Hietaniemi,OG30,OG30_Hietaniemi_2,431,455,1984
2024-05-21T00:00:00.000Z,Hietaniemi,OG31,OG31_Hietaniemi_1,522,476,3291
2024-05-21T00:00:00.000Z,Hietaniemi,OG41,OG41_Hietaniemi_1,490,449,3085
2024-05-21T00:00:00.000Z,Hietaniemi,OG70,OG70_Hietaniemi_1,326,240,3347
2024-05-21T00:00:00.000Z,Hietaniemi,OG72,OG72_Hietaniemi_1,456,382,5055
2024-05-21T00:00:00.000Z,Hietaniemi,OG80,OG80_Hietaniemi_1,443,326,8388
2024-05-21T00:00:00.000Z,Hietaniemi,OG82,og82_Hietaniemi,268,242,3002
2024-05-21T00:00:00.000Z,Paloheinä,OG10,OG10_Paloheina_1,273,238,1365
2024-05-21T00:00:00.000Z,Paloheinä,OG10,OG10_Paloheina_2,176,180,631
2024-05-21T00:00:00.000Z,Paloheinä,OG23,OG23_Paloheina_1,211,161,2445
2024-05-21T00:00:00.000Z,Paloheinä,OG23,OG23_Paloheina_2,235,189,2903
2024-05-21T00:00:00.000Z,Paloheinä,OG30,OG30_Paloheina_1,288,297,1170
2024-05-21T00:00:00.000Z,Paloheinä,OG30,OG30_Paloheina_2,255,252,1229
2024-05-21T00:00:00.000Z,Paloheinä,OG41,OG41_Paloheina_1,223,200,1350
2024-05-21T00:00:00.000Z,Paloheinä,OG41,OG41_Paloheina_2,161,154,881
2024-05-21T00:00:00.000Z,Pirkkola,OG10,OG10_Pirkkola_1,275,266,1331
2024-05-21T00:00:00.000Z,Pirkkola,OG10,OG10_Pirkkola_2,260,235,1244
2024-05-21T00:00:00.000Z,Pirkkola,OG12,OG12_Pirkkola,304,285,1415
2024-05-21T00:00:00.000Z,Pirkkola,OG14,CL14_Pirkkola,176,129,1858
2024-05-21T00:00:00.000Z,Pirkkola,OG22,OG22_Pirkkola,234,204,3075
2024-05-21T00:00:00.000Z,Pirkkola,OG23,OG23_Pirkkola,301,245,4837
2024-05-21T00:00:00.000Z,Pirkkola,OG24,OG24_Pirkkola,502,380,6692
2024-05-21T00:00:00.000Z,Pirkkola,OG26,OG26_Pirkkola,178,130,3182
2024-05-21T00:00:00.000Z,Pirkkola,OG30,OG30_Pirkkola,352,324,1807
2024-05-21T00:00:00.000Z,Pirkkola,OG41,OG41_Pirkkola,283,255,1272
2024-05-21T00:00:00.000Z,Pirkkola,OG72,OG72_Pirkkola,349,280,3716
2024-05-21T00:00:00.000Z,Pirkkola,OG82,OG82_Pirkkola,253,184,3236
2024-05-21T00:00:00.000Z,Pirkkola,OG85,OG85_Pirkkola,181,138,1644
2024-05-21T00:00:00.000Z,Pirkkola,OG92,OG92_Pirkkola,328,276,4833
2024-05-21T00:00:00.000Z,Pirkkola,OGFA24,OGFA24_Pirkkola,14,11,103
2024-05-21T00:00:00.000Z,Pirkkola,OGFA41,OGFA41_Pirkkola,36,32,122
2024-05-22T00:00:00.000Z,Hietaniemi,OG10,OG10_Hietaniemi_1,432,339,4307
2024-05-22T00:00:00.000Z,Hietaniemi,OG10,OG10_Hietaniemi_2,429,443,2203
2024-05-22T00:00:00.000Z,Hietaniemi,OG23,OG23_Hietaniemi_1,442,352,6421
2024-05-22T00:00:00.000Z,Hietaniemi,OG24,OG24_Hietaniemi_1,459,354,7998
2024-05-22T00:00:00.000Z,Hietaniemi,OG30,OG30_Hietaniemi_1,387,396,1966
2024-05-22T00:00:00.000Z,Hietaniemi,OG30,OG30_Hietaniemi_2,426,423,1868
2024-05-22T00:00:00.000Z,Hietaniemi,OG31,OG31_Hietaniemi_1,468,465,2712
2024-05-22T00:00:00.000Z,Hietaniemi,OG41,OG41_Hietaniemi_1,398,359,2734
2024-05-22T00:00:00.000Z,Hietaniemi,OG70,OG70_Hietaniemi_1,360,269,3750
2024-05-22T00:00:00.000Z,Hietaniemi,OG72,OG72_Hietaniemi_1,323,261,3505
2024-05-22T00:00:00.000Z,Hietaniemi,OG80,OG80_Hietaniemi_1,424,304,8623
2024-05-22T00:00:00.000Z,Hietaniemi,OG82,og82_Hietaniemi,246,209,2619
2024-05-22T00:00:00.000Z,Paloheinä,OG10,OG10_Paloheina_1,248,214,1331
2024-05-22T00:00:00.000Z,Paloheinä,OG10,OG10_Paloheina_2,172,141,653
2024-05-22T00:00:00.000Z,Paloheinä,OG23,OG23_Paloheina_1,244,206,3131
2024-05-22T00:00:00.000Z,Paloheinä,OG23,OG23_Paloheina_2,246,204,3372
2024-05-22T00:00:00.000Z,Paloheinä,OG30,OG30_Paloheina_1,305,343,1153
2024-05-22T00:00:00.000Z,Paloheinä,OG30,OG30_Paloheina_2,319,320,1443
2024-05-22T00:00:00.000Z,Paloheinä,OG41,OG41_Paloheina_1,300,257,1610
2024-05-22T00:00:00.000Z,Paloheinä,OG41,OG41_Paloheina_2,243,245,1074
2024-05-22T00:00:00.000Z,Pirkkola,OG10,OG10_Pirkkola_1,284,259,1239
2024-05-22T00:00:00.000Z,Pirkkola,OG10,OG10_Pirkkola_2,250,239,1323
2024-05-22T00:00:00.000Z,Pirkkola,OG12,OG12_Pirkkola,293,285,1419
2024-05-22T00:00:00.000Z,Pirkkola,OG14,CL14_Pirkkola,35,27,281
2024-05-22T00:00:00.000Z,Pirkkola,OG22,OG22_Pirkkola,202,182,2161
2024-05-22T00:00:00.000Z,Pirkkola,OG23,OG23_Pirkkola,226,195,3567
2024-05-22T00:00:00.000Z,Pirkkola,OG24,OG24_Pirkkola,469,345,6774
2024-05-22T00:00:00.000Z,Pirkkola,OG26,OG26_Pirkkola,145,99,2322
2024-05-22T00:00:00.000Z,Pirkkola,OG30,OG30_Pirkkola,331,328,1531
2024-05-22T00:00:00.000Z,Pirkkola,OG41,OG41_Pirkkola,240,217,1233
2024-05-22T00:00:00.000Z,Pirkkola,OG72,OG72_Pirkkola,351,302,3290
2024-05-22T00:00:00.000Z,Pirkkola,OG82,OG82_Pirkkola,265,203,2995
2024-05-22T00:00:00.000Z,Pirkkola,OG85,OG85_Pirkkola,142,121,1126
2024-05-22T00:00:00.000Z,Pirkkola,OG92,OG92_Pirkkola,308,231,5011
2024-05-22T00:00:00.000Z,Pirkkola,OGFA24,OGFA24_Pirkkola,37,30,292
2024-05-22T00:00:00.000Z,Pirkkola,OGFA41,OGFA41_Pirkkola,43,44,268
2024-05-23T00:00:00.000Z,Hietaniemi,OG10,OG10_Hietaniemi_1,442,368,3428
2024-05-23T00:00:00.000Z,Hietaniemi,OG10,OG10_Hietaniemi_2,451,445,2228
2024-05-23T00:00:00.000Z,Hietaniemi,OG23,OG23_Hietaniemi_1,441,346,6661
2024-05-23T00:00:00.000Z,Hietaniemi,OG24,OG24_Hietaniemi_1,578,428,9985
2024-05-23T00:00:00.000Z,Hietaniemi,OG30,OG30_Hietaniemi_1,461,459,2111
2024-05-23T00:00:00.000Z,Hietaniemi,OG30,OG30_Hietaniemi_2,459,463,2100
2024-05-23T00:00:00.000Z,Hietaniemi,OG31,OG31_Hietaniemi_1,559,515,3032
2024-05-23T00:00:00.000Z,Hietaniemi,OG41,OG41_Hietaniemi_1,528,488,3402
2024-05-23T00:00:00.000Z,Hietaniemi,OG70,OG70_Hietaniemi_1,385,309,4309
2024-05-23T00:00:00.000Z,Hietaniemi,OG72,OG72_Hietaniemi_1,410,351,4437
2024-05-23T00:00:00.000Z,Hietaniemi,OG80,OG80_Hietaniemi_1,420,329,8384
2024-05-23T00:00:00.000Z,Hietaniemi,OG82,og82_Hietaniemi,237,193,3097
2024-05-23T00:00:00.000Z,Paloheinä,OG10,OG10_Paloheina_1,232,199,1384
2024-05-23T00:00:00.000Z,Paloheinä,OG10,OG10_Paloheina_2,190,174,920
2024-05-23T00:00:00.000Z,Paloheinä,OG23,OG23_Paloheina_1,234,207,2786
2024-05-23T00:00:00.000Z,Paloheinä,OG23,OG23_Paloheina_2,253,195,3518
2024-05-23T00:00:00.000Z,Paloheinä,OG30,OG30_Paloheina_1,316,336,1303
2024-05-23T00:00:00.000Z,Paloheinä,OG30,OG30_Paloheina_2,323,325,1327
2024-05-23T00:00:00.000Z,Paloheinä,OG41,OG41_Paloheina_1,283,257,1287
2024-05-23T00:00:00.000Z,Paloheinä,OG41,OG41_Paloheina_2,242,231,1141
2024-05-23T00:00:00.000Z,Pirkkola,OG10,OG10_Pirkkola_1,240,234,1067
2024-05-23T00:00:00.000Z,Pirkkola,OG10,OG10_Pirkkola_2,205,189,1177
2024-05-23T00:00:00.000Z,Pirkkola,OG12,OG12_Pirkkola,197,191,1043
2024-05-23T00:00:00.000Z,Pirkkola,OG14,CL14_Pirkkola,72,57,764
2024-05-23T00:00:00.000Z,Pirkkola,OG22,OG22_Pirkkola,228,196,2908
2024-05-23T00:00:00.000Z,Pirkkola,OG23,OG23_Pirkkola,249,206,3774
2024-05-23T00:00:00.000Z,Pirkkola,OG24,OG24_Pirkkola,431,323,5960
2024-05-23T00:00:00.000Z,Pirkkola,OG26,OG26_Pirkkola,114,79,2093
2024-05-23T00:00:00.000Z,Pirkkola,OG30,OG30_Pirkkola,354,339,1803
2024-05-23T00:00:00.000Z,Pirkkola,OG41,OG41_Pirkkola,284,253,1400
2024-05-23T00:00:00.000Z,Pirkkola,OG72,OG72_Pirkkola,331,269,3720
2024-05-23T00:00:00.000Z,Pirkkola,OG82,OG82_Pirkkola,228,173,2589
2024-05-23T00:00:00.000Z,Pirkkola,OG85,OG85_Pirkkola,175,140,1628
2024-05-23T00:00:00.000Z,Pirkkola,OG92,OG92_Pirkkola,283,243,3965
2024-05-23T00:00:00.000Z,Pirkkola,OGFA24,OGFA24_Pirkkola,35,31,381
2024-05-23T00:00:00.000Z,Pirkkola,OGFA41,OGFA41_Pirkkola,34,31,108
2024-05-24T00:00:00.000Z,Hietaniemi,OG10,OG10_Hietaniemi_1,424,333,3438
2024-05-24T00:00:00.000Z,Hietaniemi,OG10,OG10_Hietaniemi_2,325,304,1623
2024-05-24T00:00:00.000Z,Hietaniemi,OG23,OG23_Hietaniemi_1,456,377,6862
2024-05-24T00:00:00.000Z,Hietaniemi,OG24,OG24_Hietaniemi_1,573,417,9923
2024-05-24T00:00:00.000Z,Hietaniemi,OG30,OG30_Hietaniemi_1,496,467,2791
2024-05-24T00:00:00.000Z,Hietaniemi,OG30,OG30_Hietaniemi_2,487,490,2386
2024-05-24T00:00:00.000Z,Hietaniemi,OG31,OG31_Hietaniemi_1,542,487,3476
2024-05-24T00:00:00.000Z,Hietaniemi,OG41,OG41_Hietaniemi_1,598,550,4297
2024-05-24T00:00:00.000Z,Hietaniemi,OG70,OG70_Hietaniemi_1,424,319,4674
2024-05-24T00:00:00.000Z,Hietaniemi,OG72,OG72_Hietaniemi_1,440,354,5470
2024-05-24T00:00:00.000Z,Hietaniemi,OG80,OG80_Hietaniemi_1,485,370,9375
2024-05-24T00:00:00.000Z,Hietaniemi,OG82,og82_Hietaniemi,314,245,4096
2024-05-24T00:00:00.000Z,Paloheinä,OG10,OG10_Paloheina_1,261,229,1395
2024-05-24T00:00:00.000Z,Paloheinä,OG10,OG10_Paloheina_2,211,203,966
2024-05-24T00:00:00.000Z,Paloheinä,OG23,OG23_Paloheina_1,201,159,2339
2024-05-24T00:00:00.000Z,Paloheinä,OG23,OG23_Paloheina_2,164,142,2182
2024-05-24T00:00:00.000Z,Paloheinä,OG30,OG30_Paloheina_1,263,282,897
2024-05-24T00:00:00.000Z,Paloheinä,OG30,OG30_Paloheina_2,253,267,1201
2024-05-24T00:00:00.000Z,Paloheinä,OG41,OG41_Paloheina_1,218,192,1053
2024-05-24T00:00:00.000Z,Paloheinä,OG41,OG41_Paloheina_2,169,161,758
2024-05-24T00:00:00.000Z,Pirkkola,OG10,OG10_Pirkkola_1,223,203,1329
2024-05-24T00:00:00.000Z,Pirkkola,OG10,OG10_Pirkkola_2,225,205,1136
2024-05-24T00:00:00.000Z,Pirkkola,OG12,OG12_Pirkkola,296,280,1581
2024-05-24T00:00:00.000Z,Pirkkola,OG14,CL14_Pirkkola,39,34,345
2024-05-24T00:00:00.000Z,Pirkkola,OG22,OG22_Pirkkola,230,202,2617
2024-05-24T00:00:00.000Z,Pirkkola,OG23,OG23_Pirkkola,277,235,4094
2024-05-24T00:00:00.000Z,Pirkkola,OG24,OG24_Pirkkola,475,356,6436
2024-05-24T00:00:00.000Z,Pirkkola,OG26,OG26_Pirkkola,196,149,3343
2024-05-24T00:00:00.000Z,Pirkkola,OG30,OG30_Pirkkola,393,397,2073
2024-05-24T00:00:00.000Z,Pirkkola,OG41,OG41_Pirkkola,245,234,1130
2024-05-24T00:00:00.000Z,Pirkkola,OG72,OG72_Pirkkola,352,291,3504
2024-05-24T00:00:00.000Z,Pirkkola,OG82,OG82_Pirkkola,266,206,3096
2024-05-24T00:00:00.000Z,Pirkkola,OG85,OG85_Pirkkola,191,152,1422
2024-05-24T00:00:00.000Z,Pirkkola,OG92,OG92_Pirkkola,376,299,5624
2024-05-24T00:00:00.000Z,Pirkkola,OGFA24,OGFA24_Pirkkola,12,10,120
2024-05-24T00:00:00.000Z,Pirkkola,OGFA41,OGFA41_Pirkkola,64,57,259
2024-05-25T00:00:00.000Z,Hietaniemi,OG10,OG10_Hietaniemi_1,380,317,3254
2024-05-25T00:00:00.000Z,Hietaniemi,OG10,OG10_Hietaniemi_2,331,314,1665
2024-05-25T00:00:00.000Z,Hietaniemi,OG23,OG23_Hietaniemi_1,350,297,5251
2024-05-25T00:00:00.000Z,Hietaniemi,OG24,OG24_Hietaniemi_1,416,315,7034
2024-05-25T00:00:00.000Z,Hietaniemi,OG30,OG30_Hietaniemi_1,424,406,2293
2024-05-25T00:00:00.000Z,Hietaniemi,OG30,OG30_Hietaniemi_2,352,365,1877
2024-05-25T00:00:00.000Z,Hietaniemi,OG31,OG31_Hietaniemi_1,479,466,3032
2024-05-25T00:00:00.000Z,Hietaniemi,OG41,OG41_Hietaniemi_1,414,384,3363
2024-05-25T00:00:00.000Z,Hietaniemi,OG70,OG70_Hietaniemi_1,281,203,3302
2024-05-25T00:00:00.000Z,Hietaniemi,OG72,OG72_Hietaniemi_1,342,262,3997
2024-05-25T00:00:00.000Z,Hietaniemi,OG80,OG80_Hietaniemi_1,377,294,7277
2024-05-25T00:00:00.000Z,Hietaniemi,OG82,og82_Hietaniemi,205,153,2750
2024-05-25T00:00:00.000Z,Paloheinä,OG10,OG10_Paloheina_1,147,123,738
2024-05-25T00:00:00.000Z,Paloheinä,OG10,OG10_Paloheina_2,87,80,353
2024-05-25T00:00:00.000Z,Paloheinä,OG23,OG23_Paloheina_1,146,123,1361
2024-05-25T00:00:00.000Z,Paloheinä,OG23,OG23_Paloheina_2,103,84,1348
2024-05-25T00:00:00.000Z,Paloheinä,OG30,OG30_Paloheina_1,183,185,782
2024-05-25T00:00:00.000Z,Paloheinä,OG30,OG30_Paloheina_2,208,205,688
2024-05-25T00:00:00.000Z,Paloheinä,OG41,OG41_Paloheina_1,142,127,696
2024-05-25T00:00:00.000Z,Paloheinä,OG41,OG41_Paloheina_2,125,117,590
2024-05-25T00:00:00.000Z,Pirkkola,OG10,OG10_Pirkkola_1,197,183,1072
2024-05-25T00:00:00.000Z,Pirkkola,OG10,OG10_Pirkkola_2,213,185,1107
2024-05-25T00:00:00.000Z,Pirkkola,OG12,OG12_Pirkkola,220,193,1261
2024-05-25T00:00:00.000Z,Pirkkola,OG14,CL14_Pirkkola,45,40,401
2024-05-25T00:00:00.000Z,Pirkkola,OG22,OG22_Pirkkola,153,132,2055
2024-05-25T00:00:00.000Z,Pirkkola,OG23,OG23_Pirkkola,206,171,2936
2024-05-25T00:00:00.000Z,Pirkkola,OG24,OG24_Pirkkola,361,273,5114
2024-05-25T00:00:00.000Z,Pirkkola,OG26,OG26_Pirkkola,88,69,1359
2024-05-25T00:00:00.000Z,Pirkkola,OG30,OG30_Pirkkola,275,270,1413
2024-05-25T00:00:00.000Z,Pirkkola,OG41,OG41_Pirkkola,179,163,793
2024-05-25T00:00:00.000Z,Pirkkola,OG72,OG72_Pirkkola,207,159,1947
2024-05-25T00:00:00.000Z,Pirkkola,OG82,OG82_Pirkkola,180,134,1834
2024-05-25T00:00:00.000Z,Pirkkola,OG85,OG85_Pirkkola,116,92,975
2024-05-25T00:00:00.000Z,Pirkkola,OG92,OG92_Pirkkola,245,191,3416
2024-05-25T00:00:00.000Z,Pirkkola,OGFA24,OGFA24_Pirkkola,24,28,166
2024-05-25T00:00:00.000Z,Pirkkola,OGFA41,OGFA41_Pirkkola,29,23,90
2024-05-26T00:00:00.000Z,Hietaniemi,OG10,OG10_Hietaniemi_1,402,318,3704
2024-05-26T00:00:00.000Z,Hietaniemi,OG10,OG10_Hietaniemi_2,396,375,2073
2024-05-26T00:00:00.000Z,Hietaniemi,OG23,OG23_Hietaniemi_1,497,391,8548
2024-05-26T00:00:00.000Z,Hietaniemi,OG24,OG24_Hietaniemi_1,538,386,10017
2024-05-26T00:00:00.000Z,Hietaniemi,OG30,OG30_Hietaniemi_1,446,416,2655
2024-05-26T00:00:00.000Z,Hietaniemi,OG30,OG30_Hietaniemi_2,406,423,1895
2024-05-26T00:00:00.000Z,Hietaniemi,OG31,OG31_Hietaniemi_1,514,473,3482
2024-05-26T00:00:00.000Z,Hietaniemi,OG41,OG41_Hietaniemi_1,502,454,3667
2024-05-26T00:00:00.000Z,Hietaniemi,OG70,OG70_Hietaniemi_1,422,312,4707
2024-05-26T00:00:00.000Z,Hietaniemi,OG72,OG72_Hietaniemi_1,419,340,4551
2024-05-26T00:00:00.000Z,Hietaniemi,OG80,OG80_Hietaniemi_1,464,337,9633
2024-05-26T00:00:00.000Z,Hietaniemi,OG82,og82_Hietaniemi,258,201,3130
2024-05-26T00:00:00.000Z,Paloheinä,OG10,OG10_Paloheina_1,242,201,1458
2024-05-26T00:00:00.000Z,Paloheinä,OG10,OG10_Paloheina_2,178,156,858
2024-05-26T00:00:00.000Z,Paloheinä,OG23,OG23_Paloheina_1,207,177,2222
2024-05-26T00:00:00.000Z,Paloheinä,OG23,OG23_Paloheina_2,231,196,2754
2024-05-26T00:00:00.000Z,Paloheinä,OG30,OG30_Paloheina_1,237,265,882
2024-05-26T00:00:00.000Z,Paloheinä,OG30,OG30_Paloheina_2,293,301,1088
2024-05-26T00:00:00.000Z,Paloheinä,OG41,OG41_Paloheina_1,224,201,1219
2024-05-26T00:00:00.000Z,Paloheinä,OG41,OG41_Paloheina_2,238,217,975
2024-05-26T00:00:00.000Z,Pirkkola,OG10,OG10_Pirkkola_1,256,253,1075
2024-05-26T00:00:00.000Z,Pirkkola,OG10,OG10_Pirkkola_2,269,214,1593
2024-05-26T00:00:00.000Z,Pirkkola,OG12,OG12_Pirkkola,272,269,1293
2024-05-26T00:00:00.000Z,Pirkkola,OG14,CL14_Pirkkola,72,58,662
2024-05-26T00:00:00.000Z,Pirkkola,OG22,OG22_Pirkkola,214,178,3231
2024-05-26T00:00:00.000Z,Pirkkola,OG23,OG23_Pirkkola,300,259,4702
2024-05-26T00:00:00.000Z,Pirkkola,OG24,OG24_Pirkkola,434,322,5640
2024-05-26T00:00:00.000Z,Pirkkola,OG26,OG26_Pirkkola,150,110,2786
2024-05-26T00:00:00.000Z,Pirkkola,OG30,OG30_Pirkkola,380,367,1888
2024-05-26T00:00:00.000Z,Pirkkola,OG41,OG41_Pirkkola,234,214,1024
2024-05-26T00:00:00.000Z,Pirkkola,OG72,OG72_Pirkkola,359,300,4388
2024-05-26T00:00:00.000Z,Pirkkola,OG82,OG82_Pirkkola,295,219,3753
2024-05-26T00:00:00.000Z,Pirkkola,OG85,OG85_Pirkkola,228,176,2147
2024-05-26T00:00:00.000Z,Pirkkola,OG92,OG92_Pirkkola,421,325,6466
2024-05-26T00:00:00.000Z,Pirkkola,OGFA24,OGFA24_Pirkkola,29,22,449
2024-05-26T00:00:00.000Z,Pirkkola,OGFA41,OGFA41_Pirkkola,60,59,290
2024-05-27T00:00:00.000Z,Hietaniemi,OG10,OG10_Hietaniemi_1,459,363,4104
2024-05-27T00:00:00.000Z,Hietaniemi,OG10,OG10_Hietaniemi_2,459,415,2848
2024-05-27T00:00:00.000Z,Hietaniemi,OG23,OG23_Hietaniemi_1,550,447,8737
2024-05-27T00:00:00.000Z,Hietaniemi,OG24,OG24_Hietaniemi_1,624,454,10839
2024-05-27T00:00:00.000Z,Hietaniemi,OG30,OG30_Hietaniemi_1,533,507,2748
2024-05-27T00:00:00.000Z,Hietaniemi,OG30,OG30_Hietaniemi_2,481,490,2721
2024-05-27T00:00:00.000Z,Hietaniemi,OG31,OG31_Hietaniemi_1,660,640,3860
2024-05-27T00:00:00.000Z,Hietaniemi,OG41,OG41_Hietaniemi_1,545,489,3756
2024-05-27T00:00:00.000Z,Hietaniemi,OG70,OG70_Hietaniemi_1,370,254,4173
2024-05-27T00:00:00.000Z,Hietaniemi,OG72,OG72_Hietaniemi_1,410,354,4785
2024-05-27T00:00:00.000Z,Hietaniemi,OG80,OG80_Hietaniemi_1,512,405,10340
2024-05-27T00:00:00.000Z,Hietaniemi,OG82,og82_Hietaniemi,264,216,3065
2024-05-27T00:00:00.000Z,Paloheinä,OG10,OG10_Paloheina_1,164,144,794
2024-05-27T00:00:00.000Z,Paloheinä,OG10,OG10_Paloheina_2,179,161,887
2024-05-27T00:00:00.000Z,Paloheinä,OG23,OG23_Paloheina_1,221,165,2675
2024-05-27T00:00:00.000Z,Paloheinä,OG23,OG23_Paloheina_2,232,196,3116
2024-05-27T00:00:00.000Z,Paloheinä,OG30,OG30_Paloheina_1,313,340,1306
2024-05-27T00:00:00.000Z,Paloheinä,OG30,OG30_Paloheina_2,289,288,1606
2024-05-27T00:00:00.000Z,Paloheinä,OG41,OG41_Paloheina_1,244,225,1246
2024-05-27T00:00:00.000Z,Paloheinä,OG41,OG41_Paloheina_2,212,192,1155
2024-05-27T00:00:00.000Z,Pirkkola,OG10,OG10_Pirkkola_1,243,227,1211
2024-05-27T00:00:00.000Z,Pirkkola,OG10,OG10_Pirkkola_2,203,165,1476
2024-05-27T00:00:00.000Z,Pirkkola,OG12,OG12_Pirkkola,329,323,1455
2024-05-27T00:00:00.000Z,Pirkkola,OG14,CL14_Pirkkola,39,30,414
2024-05-27T00:00:00.000Z,Pirkkola,OG22,OG22_Pirkkola,212,197,2780
2024-05-27T00:00:00.000Z,Pirkkola,OG23,OG23_Pirkkola,333,270,5114
2024-05-27T00:00:00.000Z,Pirkkola,OG24,OG24_Pirkkola,417,327,5144
2024-05-27T00:00:00.000Z,Pirkkola,OG26,OG26_Pirkkola,159,118,2971
2024-05-27T00:00:00.000Z,Pirkkola,OG30,OG30_Pirkkola,413,404,2502
2024-05-27T00:00:00.000Z,Pirkkola,OG41,OG41_Pirkkola,323,298,1474
2024-05-27T00:00:00.000Z,Pirkkola,OG72,OG72_Pirkkola,384,314,4456
2024-05-27T00:00:00.000Z,Pirkkola,OG82,OG82_Pirkkola,277,214,3322
2024-05-27T00:00:00.000Z,Pirkkola,OG85,OG85_Pirkkola,257,222,2290
2024-05-27T00:00:00.000Z,Pirkkola,OG92,OG92_Pirkkola,398,332,6033
2024-05-27T00:00:00.000Z,Pirkkola,OGFA24,OGFA24_Pirkkola,36,39,174
2024-05-27T00:00:00.000Z,Pirkkola,OGFA41,OGFA41_Pirkkola,62,56,263
2024-05-28T00:00:00.000Z,Hietaniemi,OG10,OG10_Hietaniemi_1,496,407,3925
2024-05-28T00:00:00.000Z,Hietaniemi,OG10,OG10_Hietaniemi_2,454,424,2518
2024-05-28T00:00:00.000Z,Hietaniemi,OG23,OG23_Hietaniemi_1,551,438,8591
2024-05-28T00:00:00.000Z,Hietaniemi,OG24,OG24_Hietaniemi_1,674,491,12311
2024-05-28T00:00:00.000Z,Hietaniemi,OG30,OG30_Hietaniemi_1,593,602,3007
2024-05-28T00:00:00.000Z,Hietaniemi,OG30,OG30_Hietaniemi_2,579,596,2897
2024-05-28T00:00:00.000Z,Hietaniemi,OG31,OG31_Hietaniemi_1,610,561,3827
2024-05-28T00:00:00.000Z,Hietaniemi,OG41,OG41_Hietaniemi_1,626,548,4389
2024-05-28T00:00:00.000Z,Hietaniemi,OG70,OG70_Hietaniemi_1,506,380,5643
2024-05-28T00:00:00.000Z,Hietaniemi,OG72,OG72_Hietaniemi_1,512,394,6246
2024-05-28T00:00:00.000Z,Hietaniemi,OG80,OG80_Hietaniemi_1,597,467,12304
2024-05-28T00:00:00.000Z,Hietaniemi,OG82,og82_Hietaniemi,340,278,4231
2024-05-28T00:00:00.000Z,Paloheinä,OG10,OG10_Paloheina_1,241,222,1183
2024-05-28T00:00:00.000Z,Paloheinä,OG10,OG10_Paloheina_2,167,156,749
2024-05-28T00:00:00.000Z,Paloheinä,OG23,OG23_Paloheina_1,210,170,2160
2024-05-28T00:00:00.000Z,Paloheinä,OG23,OG23_Paloheina_2,186,163,2109
2024-05-28T00:00:00.000Z,Paloheinä,OG30,OG30_Paloheina_1,315,314,1117
2024-05-28T00:00:00.000Z,Paloheinä,OG30,OG30_Paloheina_2,283,267,1231
2024-05-28T00:00:00.000Z,Paloheinä,OG41,OG41_Paloheina_1,206,202,1064
2024-05-28T00:00:00.000Z,Paloheinä,OG41,OG41_Paloheina_2,202,187,950
2024-05-28T00:00:00.000Z,Pirkkola,OG10,OG10_Pirkkola_1,280,249,1415
2024-05-28T00:00:00.000Z,Pirkkola,OG10,OG10_Pirkkola_2,239,177,1911
2024-05-28T00:00:00.000Z,Pirkkola,OG12,OG12_Pirkkola,281,283,1655
2024-05-28T00:00:00.000Z,Pirkkola,OG14,CL14_Pirkkola,88,62,955
2024-05-28T00:00:00.000Z,Pirkkola,OG22,OG22_Pirkkola,295,269,3845
2024-05-28T00:00:00.000Z,Pirkkola,OG23,OG23_Pirkkola,406,330,6367
2024-05-28T00:00:00.000Z,Pirkkola,OG24,OG24_Pirkkola,512,398,6799
2024-05-28T00:00:00.000Z,Pirkkola,OG26,OG26_Pirkkola,188,141,3137
2024-05-28T00:00:00.000Z,Pirkkola,OG30,OG30_Pirkkola,437,421,2513
2024-05-28T00:00:00.000Z,Pirkkola,OG41,OG41_Pirkkola,292,276,1591
2024-05-28T00:00:00.000Z,Pirkkola,OG72,OG72_Pirkkola,252,201,2314
2024-05-28T00:00:00.000Z,Pirkkola,OG82,OG82_Pirkkola,292,226,3718
2024-05-28T00:00:00.000Z,Pirkkola,OG85,OG85_Pirkkola,231,195,2101
2024-05-28T00:00:00.000Z,Pirkkola,OG92,OG92_Pirkkola,412,339,6372
2024-05-28T00:00:00.000Z,Pirkkola,OGFA24,OGFA24_Pirkkola,15,12,132
2024-05-28T00:00:00.000Z,Pirkkola,OGFA41,OGFA41_Pirkkola,48,48,175
2024-05-29T00:00:00.000Z,Hietaniemi,OG10,OG10_Hietaniemi_1,531,448,3777
2024-05-29T00:00:00.000Z,Hietaniemi,OG10,OG10_Hietaniemi_2,465,403,3232
2024-05-29T00:00:00.000Z,Hietaniemi,OG23,OG23_Hietaniemi_1,542,445,8767
2024-05-29T00:00:00.000Z,Hietaniemi,OG24,OG24_Hietaniemi_1,660,499,11167
2024-05-29T00:00:00.000Z,Hietaniemi,OG30,OG30_Hietaniemi_1,520,512,2783
2024-05-29T00:00:00.000Z,Hietaniemi,OG30,OG30_Hietaniemi_2,516,521,2958
2024-05-29T00:00:00.000Z,Hietaniemi,OG31,OG31_Hietaniemi_1,576,534,3720
2024-05-29T00:00:00.000Z,Hietaniemi,OG41,OG41_Hietaniemi_1,563,528,3425
2024-05-29T00:00:00.000Z,Hietaniemi,OG70,OG70_Hietaniemi_1,490,395,5156
2024-05-29T00:00:00.000Z,Hietaniemi,OG72,OG72_Hietaniemi_1,512,415,6364
2024-05-29T00:00:00.000Z,Hietaniemi,OG80,OG80_Hietaniemi_1,510,380,10397
2024-05-29T00:00:00.000Z,Hietaniemi,OG82,og82_Hietaniemi,278,225,2872
2024-05-29T00:00:00.000Z,Paloheinä,OG10,OG10_Paloheina_1,248,215,1150
2024-05-29T00:00:00.000Z,Paloheinä,OG10,OG10_Paloheina_2,208,179,1154
2024-05-29T00:00:00.000Z,Paloheinä,OG23,OG23_Paloheina_1,248,212,2515
2024-05-29T00:00:00.000Z,Paloheinä,OG23,OG23_Paloheina_2,230,179,3058
2024-05-29T00:00:00.000Z,Paloheinä,OG30,OG30_Paloheina_1,313,315,1065
2024-05-29T00:00:00.000Z,Paloheinä,OG30,OG30_Paloheina_2,283,287,1358
2024-05-29T00:00:00.000Z,Paloheinä,OG41,OG41_Paloheina_1,231,219,1309
2024-05-29T00:00:00.000Z,Paloheinä,OG41,OG41_Paloheina_2,249,238,1174
2024-05-29T00:00:00.000Z,Pirkkola,OG10,OG10_Pirkkola_1,237,241,1008
2024-05-29T00:00:00.000Z,Pirkkola,OG10,OG10_Pirkkola_2,168,133,1223
2024-05-29T00:00:00.000Z,Pirkkola,OG12,OG12_Pirkkola,268,249,1317
2024-05-29T00:00:00.000Z,Pirkkola,OG22,OG22_Pirkkola,225,201,2649
2024-05-29T00:00:00.000Z,Pirkkola,OG23,OG23_Pirkkola,241,198,3553
2024-05-29T00:00:00.000Z,Pirkkola,OG24,OG24_Pirkkola,404,299,4903
2024-05-29T00:00:00.000Z,Pirkkola,OG26,OG26_Pirkkola,138,99,2202
2024-05-29T00:00:00.000Z,Pirkkola,OG30,OG30_Pirkkola,401,355,2234
2024-05-29T00:00:00.000Z,Pirkkola,OG41,OG41_Pirkkola,233,215,1074
2024-05-29T00:00:00.000Z,Pirkkola,OG72,OG72_Pirkkola,268,222,2371
2024-05-29T00:00:00.000Z,Pirkkola,OG82,OG82_Pirkkola,185,140,2033
2024-05-29T00:00:00.000Z,Pirkkola,OG85,OG85_Pirkkola,176,144,1413
2024-05-29T00:00:00.000Z,Pirkkola,OG92,OG92_Pirkkola,315,271,4669
2024-05-29T00:00:00.000Z,Pirkkola,OGFA24,OGFA24_Pirkkola,18,15,121
2024-05-29T00:00:00.000Z,Pirkkola,OGFA41,OGFA41_Pirkkola,46,40,208
2024-05-30T00:00:00.000Z,Hietaniemi,OG10,OG10_Hietaniemi_1,210,180,1469
2024-05-30T00:00:00.000Z,Hietaniemi,OG10,OG10_Hietaniemi_2,393,360,2196
2024-05-30T00:00:00.000Z,Hietaniemi,OG23,OG23_Hietaniemi_1,504,391,8325
2024-05-30T00:00:00.000Z,Hietaniemi,OG24,OG24_Hietaniemi_1,200,154,3485
2024-05-30T00:00:00.000Z,Hietaniemi,OG30,OG30_Hietaniemi_1,193,185,1057
2024-05-30T00:00:00.000Z,Hietaniemi,OG30,OG30_Hietaniemi_2,415,423,2056
2024-05-30T00:00:00.000Z,Hietaniemi,OG31,OG31_Hietaniemi_1,378,356,2026
2024-05-30T00:00:00.000Z,Hietaniemi,OG41,OG41_Hietaniemi_1,379,346,2308
2024-05-30T00:00:00.000Z,Hietaniemi,OG70,OG70_Hietaniemi_1,199,164,2138
2024-05-30T00:00:00.000Z,Hietaniemi,OG72,OG72_Hietaniemi_1,362,283,4219
2024-05-30T00:00:00.000Z,Hietaniemi,OG80,OG80_Hietaniemi_1,397,287,7821
2024-05-30T00:00:00.000Z,Hietaniemi,OG82,og82_Hietaniemi,303,247,4044
2024-05-30T00:00:00.000Z,Paloheinä,OG10,OG10_Paloheina_1,286,250,1782
2024-05-30T00:00:00.000Z,Paloheinä,OG10,OG10_Paloheina_2,218,190,1038
2024-05-30T00:00:00.000Z,Paloheinä,OG23,OG23_Paloheina_1,235,176,2824
2024-05-30T00:00:00.000Z,Paloheinä,OG23,OG23_Paloheina_2,238,183,3170
2024-05-30T00:00:00.000Z,Paloheinä,OG30,OG30_Paloheina_1,334,343,1354
2024-05-30T00:00:00.000Z,Paloheinä,OG30,OG30_Paloheina_2,328,318,1484
2024-05-30T00:00:00.000Z,Paloheinä,OG41,OG41_Paloheina_1,229,210,1259
2024-05-30T00:00:00.000Z,Paloheinä,OG41,OG41_Paloheina_2,210,197,944
2024-05-30T00:00:00.000Z,Pirkkola,OG10,OG10_Pirkkola_1,213,205,891
2024-05-30T00:00:00.000Z,Pirkkola,OG10,OG10_Pirkkola_2,169,136,1149
2024-05-30T00:00:00.000Z,Pirkkola,OG12,OG12_Pirkkola,195,181,969
2024-05-30T00:00:00.000Z,Pirkkola,OG22,OG22_Pirkkola,180,147,2559
2024-05-30T00:00:00.000Z,Pirkkola,OG23,OG23_Pirkkola,232,186,3881
2024-05-30T00:00:00.000Z,Pirkkola,OG24,OG24_Pirkkola,436,309,5996
2024-05-30T00:00:00.000Z,Pirkkola,OG26,OG26_Pirkkola,135,97,2571
2024-05-30T00:00:00.000Z,Pirkkola,OG30,OG30_Pirkkola,335,320,1438
2024-05-30T00:00:00.000Z,Pirkkola,OG41,OG41_Pirkkola,203,188,859
2024-05-30T00:00:00.000Z,Pirkkola,OG72,OG72_Pirkkola,337,272,2876
2024-05-30T00:00:00.000Z,Pirkkola,OG82,OG82_Pirkkola,263,202,3014
2024-05-30T00:00:00.000Z,Pirkkola,OG85,OG85_Pirkkola,210,165,1911
2024-05-30T00:00:00.000Z,Pirkkola,OG92,OG92_Pirkkola,322,265,4776
2024-05-30T00:00:00.000Z,Pirkkola,OGFA24,OGFA24_Pirkkola,37,34,168
2024-05-30T00:00:00.000Z,Pirkkola,OGFA41,OGFA41_Pirkkola,59,58,320
2024-05-31T00:00:00.000Z,Hietaniemi,OG23,OG23_Hietaniemi_1,2,1,43
2024-05-31T00:00:00.000Z,Hietaniemi,OG82,og82_Hietaniemi,5,3,39
2024-05-31T00:00:00.000Z,Paloheinä,OG23,OG23_Paloheina_1,1,1,0
2024-05-31T00:00:00.000Z,Paloheinä,OG30,OG30_Paloheina_1,2,2,0
2024-05-31T00:00:00.000Z,Paloheinä,OG41,OG41_Paloheina_1,1,1,0
2024-05-31T00:00:00.000Z,Paloheinä,OG41,OG41_Paloheina_2,1,1,0
2024-05-31T00:00:00.000Z,Pirkkola,OG10,OG10_Pirkkola_1,7,5,39
2024-05-31T00:00:00.000Z,Pirkkola,OG12,OG12_Pirkkola,4,3,6
2024-05-31T00:00:00.000Z,Pirkkola,OG23,OG23_Pirkkola,10,10,156
2024-05-31T00:00:00.000Z,Pirkkola,OG24,OG24_Pirkkola,5,6,66
2024-05-31T00:00:00.000Z,Pirkkola,OG30,OG30_Pirkkola,15,13,106
2024-05-31T00:00:00.000Z,Pirkkola,OG41,OG41_Pirkkola,8,9,23
2024-05-31T00:00:00.000Z,Pirkkola,OG72,OG72_Pirkkola,2,2,26
2024-05-31T00:00:00.000Z,Pirkkola,OG82,OG82_Pirkkola,4,4,35
